2025-12-15 00:43:37.606 [main] INFO  com.example.VRS.VRSApplication - Starting VRSApplication using Java 21.0.9 with PID 34228 (C:\Users\Nagesh.Nanjunda\Desktop\javaRampUp\Vehicle Rental System\target\classes started by Nagesh.Nanjunda in C:\Users\Nagesh.Nanjunda\Desktop\javaRampUp\Vehicle Rental System)
2025-12-15 00:43:37.608 [main] DEBUG com.example.VRS.VRSApplication - Running with Spring Boot v3.3.5, Spring v6.1.14
2025-12-15 00:43:37.614 [main] INFO  com.example.VRS.VRSApplication - No active profile set, falling back to 1 default profile: "default"
2025-12-15 00:43:38.578 [main] INFO  o.s.d.r.c.RepositoryConfigurationDelegate - Bootstrapping Spring Data JPA repositories in DEFAULT mode.
2025-12-15 00:43:38.662 [main] INFO  o.s.d.r.c.RepositoryConfigurationDelegate - Finished Spring Data repository scanning in 76 ms. Found 4 JPA repository interfaces.
2025-12-15 00:43:39.211 [main] INFO  o.s.b.w.e.tomcat.TomcatWebServer - Tomcat initialized with port 8080 (http)
2025-12-15 00:43:39.224 [main] INFO  o.a.catalina.core.StandardService - Starting service [Tomcat]
2025-12-15 00:43:39.224 [main] INFO  o.a.catalina.core.StandardEngine - Starting Servlet engine: [Apache Tomcat/10.1.31]
2025-12-15 00:43:39.306 [main] INFO  o.a.c.c.C.[Tomcat].[localhost].[/] - Initializing Spring embedded WebApplicationContext
2025-12-15 00:43:39.307 [main] INFO  o.s.b.w.s.c.ServletWebServerApplicationContext - Root WebApplicationContext: initialization completed in 1625 ms
2025-12-15 00:43:39.565 [main] INFO  o.h.jpa.internal.util.LogHelper - HHH000204: Processing PersistenceUnitInfo [name: default]
2025-12-15 00:43:39.612 [main] INFO  org.hibernate.Version - HHH000412: Hibernate ORM core version 6.5.3.Final
2025-12-15 00:43:39.641 [main] INFO  o.h.c.i.RegionFactoryInitiator - HHH000026: Second-level cache disabled
2025-12-15 00:43:39.868 [main] INFO  o.s.o.j.p.SpringPersistenceUnitInfo - No LoadTimeWeaver setup: ignoring JPA class transformer
2025-12-15 00:43:39.895 [main] INFO  com.zaxxer.hikari.HikariDataSource - HikariPool-1 - Starting...
2025-12-15 00:43:40.267 [main] INFO  com.zaxxer.hikari.pool.HikariPool - HikariPool-1 - Added connection oracle.jdbc.driver.T4CConnection@4b7ab7ab
2025-12-15 00:43:40.269 [main] INFO  com.zaxxer.hikari.HikariDataSource - HikariPool-1 - Start completed.
2025-12-15 00:43:40.410 [main] WARN  org.hibernate.orm.deprecation - HHH90000025: OracleDialect does not need to be specified explicitly using 'hibernate.dialect' (remove the property setting and it will be selected by default)
2025-12-15 00:43:41.554 [main] INFO  o.h.e.t.j.p.i.JtaPlatformInitiator - HHH000489: No JTA platform available (set 'hibernate.transaction.jta.platform' to enable JTA platform integration)
2025-12-15 00:43:41.943 [main] INFO  o.s.o.j.LocalContainerEntityManagerFactoryBean - Initialized JPA EntityManagerFactory for persistence unit 'default'
2025-12-15 00:43:42.245 [main] DEBUG c.e.V.utils.JwtAuthenticationFilter - Filter 'jwtAuthenticationFilter' configured for use
2025-12-15 00:43:42.306 [main] INFO  o.s.s.c.a.a.c.InitializeUserDetailsBeanManagerConfigurer$InitializeUserDetailsManagerConfigurer - Global AuthenticationManager configured with UserDetailsService bean with name userServiceImpl
2025-12-15 00:43:42.363 [main] INFO  o.s.d.j.r.query.QueryEnhancerFactory - Hibernate is in classpath; If applicable, HQL parser will be used.
2025-12-15 00:43:43.200 [main] WARN  o.s.b.a.o.j.JpaBaseConfiguration$JpaWebConfiguration - spring.jpa.open-in-view is enabled by default. Therefore, database queries may be performed during view rendering. Explicitly configure spring.jpa.open-in-view to disable this warning
2025-12-15 00:43:43.505 [main] DEBUG o.s.s.web.DefaultSecurityFilterChain - Will secure any request with filters: DisableEncodeUrlFilter, WebAsyncManagerIntegrationFilter, SecurityContextHolderFilter, HeaderWriterFilter, LogoutFilter, JwtAuthenticationFilter, RequestCacheAwareFilter, SecurityContextHolderAwareRequestFilter, AnonymousAuthenticationFilter, SessionManagementFilter, ExceptionTranslationFilter, AuthorizationFilter
2025-12-15 00:43:43.801 [main] INFO  o.s.b.w.e.tomcat.TomcatWebServer - Tomcat started on port 8080 (http) with context path '/'
2025-12-15 00:43:43.814 [main] INFO  com.example.VRS.VRSApplication - Started VRSApplication in 6.748 seconds (process running for 7.192)
2025-12-15 00:43:43.897 [main] DEBUG org.hibernate.SQL - select count(*) from vehicles v1_0
2025-12-15 00:43:44.337 [scheduling-1] INFO  c.e.VRS.service.ScheduledTaskService - Starting scheduled task: Sample Scheduled Task
2025-12-15 00:43:44.337 [scheduling-1] INFO  c.example.VRS.service.LoggerService - System Event - Event: SCHEDULED_TASK_STARTED, Details: Sample Scheduled Task
2025-12-15 00:43:44.338 [scheduling-1] DEBUG c.e.VRS.service.ScheduledTaskService - Performing sample work...
2025-12-15 00:43:46.338 [scheduling-1] DEBUG c.example.VRS.service.LoggerService - DEBUG: Database operations completed
2025-12-15 00:43:47.340 [scheduling-1] DEBUG c.example.VRS.service.LoggerService - DEBUG: External API calls completed
2025-12-15 00:43:47.340 [scheduling-1] INFO  c.example.VRS.service.LoggerService - INFO: Sample work completed at: 2025-12-15 00:43:47
2025-12-15 00:43:47.341 [scheduling-1] INFO  c.example.VRS.service.LoggerService - Operation 'Sample Scheduled Task' completed in 3003 ms
2025-12-15 00:43:47.341 [scheduling-1] INFO  c.example.VRS.service.LoggerService - System Event - Event: SCHEDULED_TASK_COMPLETED, Details: Sample Scheduled Task
2025-12-15 00:45:09.692 [SpringApplicationShutdownHook] INFO  o.s.o.j.LocalContainerEntityManagerFactoryBean - Closing JPA EntityManagerFactory for persistence unit 'default'
2025-12-15 00:45:09.694 [SpringApplicationShutdownHook] INFO  com.zaxxer.hikari.HikariDataSource - HikariPool-1 - Shutdown initiated...
2025-12-15 00:45:09.721 [SpringApplicationShutdownHook] INFO  com.zaxxer.hikari.HikariDataSource - HikariPool-1 - Shutdown completed.
2025-12-15 12:50:41.593 [main] INFO  com.example.VRS.VRSApplication - Starting VRSApplication using Java 21.0.9 with PID 48160 (C:\Users\Nagesh.Nanjunda\Desktop\javaRampUp\Vehicle Rental System\target\classes started by Nagesh.Nanjunda in C:\Users\Nagesh.Nanjunda\Desktop\javaRampUp\Vehicle Rental System)
2025-12-15 12:50:41.596 [main] DEBUG com.example.VRS.VRSApplication - Running with Spring Boot v3.3.5, Spring v6.1.14
2025-12-15 12:50:41.598 [main] INFO  com.example.VRS.VRSApplication - No active profile set, falling back to 1 default profile: "default"
2025-12-15 12:50:42.596 [main] INFO  o.s.d.r.c.RepositoryConfigurationDelegate - Bootstrapping Spring Data JPA repositories in DEFAULT mode.
2025-12-15 12:50:42.668 [main] INFO  o.s.d.r.c.RepositoryConfigurationDelegate - Finished Spring Data repository scanning in 64 ms. Found 4 JPA repository interfaces.
2025-12-15 12:50:43.157 [main] INFO  o.s.b.w.e.tomcat.TomcatWebServer - Tomcat initialized with port 8080 (http)
2025-12-15 12:50:43.171 [main] INFO  o.a.catalina.core.StandardService - Starting service [Tomcat]
2025-12-15 12:50:43.172 [main] INFO  o.a.catalina.core.StandardEngine - Starting Servlet engine: [Apache Tomcat/10.1.31]
2025-12-15 12:50:43.233 [main] INFO  o.a.c.c.C.[Tomcat].[localhost].[/] - Initializing Spring embedded WebApplicationContext
2025-12-15 12:50:43.234 [main] INFO  o.s.b.w.s.c.ServletWebServerApplicationContext - Root WebApplicationContext: initialization completed in 1561 ms
2025-12-15 12:50:43.444 [main] INFO  o.h.jpa.internal.util.LogHelper - HHH000204: Processing PersistenceUnitInfo [name: default]
2025-12-15 12:50:43.487 [main] INFO  org.hibernate.Version - HHH000412: Hibernate ORM core version 6.5.3.Final
2025-12-15 12:50:43.518 [main] INFO  o.h.c.i.RegionFactoryInitiator - HHH000026: Second-level cache disabled
2025-12-15 12:50:43.724 [main] INFO  o.s.o.j.p.SpringPersistenceUnitInfo - No LoadTimeWeaver setup: ignoring JPA class transformer
2025-12-15 12:50:43.747 [main] INFO  com.zaxxer.hikari.HikariDataSource - HikariPool-1 - Starting...
2025-12-15 12:50:44.094 [main] INFO  com.zaxxer.hikari.pool.HikariPool - HikariPool-1 - Added connection oracle.jdbc.driver.T4CConnection@5ddb302
2025-12-15 12:50:44.095 [main] INFO  com.zaxxer.hikari.HikariDataSource - HikariPool-1 - Start completed.
2025-12-15 12:50:44.228 [main] WARN  org.hibernate.orm.deprecation - HHH90000025: OracleDialect does not need to be specified explicitly using 'hibernate.dialect' (remove the property setting and it will be selected by default)
2025-12-15 12:50:45.128 [main] INFO  o.h.e.t.j.p.i.JtaPlatformInitiator - HHH000489: No JTA platform available (set 'hibernate.transaction.jta.platform' to enable JTA platform integration)
2025-12-15 12:50:47.718 [main] INFO  o.s.o.j.LocalContainerEntityManagerFactoryBean - Initialized JPA EntityManagerFactory for persistence unit 'default'
2025-12-15 12:50:47.978 [main] DEBUG c.e.V.utils.JwtAuthenticationFilter - Filter 'jwtAuthenticationFilter' configured for use
2025-12-15 12:50:48.018 [main] INFO  o.s.s.c.a.a.c.InitializeUserDetailsBeanManagerConfigurer$InitializeUserDetailsManagerConfigurer - Global AuthenticationManager configured with UserDetailsService bean with name userServiceImpl
2025-12-15 12:50:48.058 [main] INFO  o.s.d.j.r.query.QueryEnhancerFactory - Hibernate is in classpath; If applicable, HQL parser will be used.
2025-12-15 12:50:48.607 [main] WARN  o.s.b.a.o.j.JpaBaseConfiguration$JpaWebConfiguration - spring.jpa.open-in-view is enabled by default. Therefore, database queries may be performed during view rendering. Explicitly configure spring.jpa.open-in-view to disable this warning
2025-12-15 12:50:48.860 [main] DEBUG o.s.s.web.DefaultSecurityFilterChain - Will secure any request with filters: DisableEncodeUrlFilter, WebAsyncManagerIntegrationFilter, SecurityContextHolderFilter, HeaderWriterFilter, LogoutFilter, JwtAuthenticationFilter, RequestCacheAwareFilter, SecurityContextHolderAwareRequestFilter, AnonymousAuthenticationFilter, SessionManagementFilter, ExceptionTranslationFilter, AuthorizationFilter
2025-12-15 12:50:49.108 [main] INFO  o.s.b.w.e.tomcat.TomcatWebServer - Tomcat started on port 8080 (http) with context path '/'
2025-12-15 12:50:49.118 [main] INFO  com.example.VRS.VRSApplication - Started VRSApplication in 8.009 seconds (process running for 8.39)
2025-12-15 12:50:49.193 [main] DEBUG org.hibernate.SQL - select count(*) from vehicles v1_0
2025-12-15 12:50:49.195 [scheduling-1] INFO  c.e.VRS.service.ScheduledTaskService - Starting scheduled task: Sample Scheduled Task
2025-12-15 12:50:49.196 [scheduling-1] INFO  c.example.VRS.service.LoggerService - System Event - Event: SCHEDULED_TASK_STARTED, Details: Sample Scheduled Task
2025-12-15 12:50:49.196 [scheduling-1] DEBUG c.e.VRS.service.ScheduledTaskService - Performing sample work...
2025-12-15 12:50:51.198 [scheduling-1] DEBUG c.example.VRS.service.LoggerService - DEBUG: Database operations completed
2025-12-15 12:50:52.199 [scheduling-1] DEBUG c.example.VRS.service.LoggerService - DEBUG: External API calls completed
2025-12-15 12:50:52.199 [scheduling-1] INFO  c.example.VRS.service.LoggerService - INFO: Sample work completed at: 2025-12-15 12:50:52
2025-12-15 12:50:52.199 [scheduling-1] INFO  c.example.VRS.service.LoggerService - Operation 'Sample Scheduled Task' completed in 3004 ms
2025-12-15 12:50:52.199 [scheduling-1] INFO  c.example.VRS.service.LoggerService - System Event - Event: SCHEDULED_TASK_COMPLETED, Details: Sample Scheduled Task
2025-12-15 12:50:52.240 [scheduling-1] INFO  c.e.VRS.service.ScheduledTaskService - Starting vehicle status monitoring task
2025-12-15 12:50:52.241 [scheduling-1] INFO  c.example.VRS.service.LoggerService - System Event - Event: MONITORING_TASK_STARTED, Details: Vehicle Status Monitoring
2025-12-15 12:50:52.242 [scheduling-1] DEBUG org.hibernate.SQL - select count(*) from vehicles v1_0
2025-12-15 12:50:52.282 [scheduling-1] DEBUG org.hibernate.SQL - select v1_0.id,v1_0.color,v1_0.daily_rate,v1_0.make,v1_0.model,v1_0.registration_number,v1_0.seating_capacity,v1_0.status,v1_0.type,v1_0.year from vehicles v1_0 where v1_0.status='AVAILABLE' order by v1_0.daily_rate
2025-12-15 12:50:52.329 [scheduling-1] DEBUG org.hibernate.SQL - select v1_0.id,v1_0.color,v1_0.daily_rate,v1_0.make,v1_0.model,v1_0.registration_number,v1_0.seating_capacity,v1_0.status,v1_0.type,v1_0.year from vehicles v1_0 where v1_0.status=?
2025-12-15 12:50:52.335 [scheduling-1] INFO  c.example.VRS.service.LoggerService - INFO: Vehicle Statistics - Total: 34, Available: 27, Rented: 5
2025-12-15 12:50:52.336 [scheduling-1] INFO  c.example.VRS.service.LoggerService - INFO: System Health - Vehicle Availability Rate: 79.41%
2025-12-15 12:50:52.336 [scheduling-1] INFO  c.example.VRS.service.LoggerService - Operation 'Vehicle Status Monitoring' completed in 96 ms
2025-12-15 12:50:52.337 [scheduling-1] INFO  c.example.VRS.service.LoggerService - System Event - Event: MONITORING_TASK_COMPLETED, Details: Vehicle Status Monitoring
2025-12-15 12:55:27.978 [SpringApplicationShutdownHook] INFO  o.s.o.j.LocalContainerEntityManagerFactoryBean - Closing JPA EntityManagerFactory for persistence unit 'default'
2025-12-15 12:55:27.980 [SpringApplicationShutdownHook] INFO  com.zaxxer.hikari.HikariDataSource - HikariPool-1 - Shutdown initiated...
2025-12-15 12:55:28.008 [SpringApplicationShutdownHook] INFO  com.zaxxer.hikari.HikariDataSource - HikariPool-1 - Shutdown completed.
2025-12-15 12:55:39.361 [main] INFO  com.example.VRS.VRSApplication - Starting VRSApplication using Java 21.0.9 with PID 43212 (C:\Users\Nagesh.Nanjunda\Desktop\javaRampUp\Vehicle Rental System\target\classes started by Nagesh.Nanjunda in C:\Users\Nagesh.Nanjunda\Desktop\javaRampUp\Vehicle Rental System)
2025-12-15 12:55:39.364 [main] DEBUG com.example.VRS.VRSApplication - Running with Spring Boot v3.3.5, Spring v6.1.14
2025-12-15 12:55:39.366 [main] INFO  com.example.VRS.VRSApplication - No active profile set, falling back to 1 default profile: "default"
2025-12-15 12:55:40.381 [main] INFO  o.s.d.r.c.RepositoryConfigurationDelegate - Bootstrapping Spring Data JPA repositories in DEFAULT mode.
2025-12-15 12:55:40.450 [main] INFO  o.s.d.r.c.RepositoryConfigurationDelegate - Finished Spring Data repository scanning in 64 ms. Found 4 JPA repository interfaces.
2025-12-15 12:55:40.913 [main] INFO  o.s.b.w.e.tomcat.TomcatWebServer - Tomcat initialized with port 8080 (http)
2025-12-15 12:55:40.926 [main] INFO  o.a.catalina.core.StandardService - Starting service [Tomcat]
2025-12-15 12:55:40.926 [main] INFO  o.a.catalina.core.StandardEngine - Starting Servlet engine: [Apache Tomcat/10.1.31]
2025-12-15 12:55:40.987 [main] INFO  o.a.c.c.C.[Tomcat].[localhost].[/] - Initializing Spring embedded WebApplicationContext
2025-12-15 12:55:40.988 [main] INFO  o.s.b.w.s.c.ServletWebServerApplicationContext - Root WebApplicationContext: initialization completed in 1542 ms
2025-12-15 12:55:41.194 [main] INFO  o.h.jpa.internal.util.LogHelper - HHH000204: Processing PersistenceUnitInfo [name: default]
2025-12-15 12:55:41.235 [main] INFO  org.hibernate.Version - HHH000412: Hibernate ORM core version 6.5.3.Final
2025-12-15 12:55:41.264 [main] INFO  o.h.c.i.RegionFactoryInitiator - HHH000026: Second-level cache disabled
2025-12-15 12:55:41.476 [main] INFO  o.s.o.j.p.SpringPersistenceUnitInfo - No LoadTimeWeaver setup: ignoring JPA class transformer
2025-12-15 12:55:41.499 [main] INFO  com.zaxxer.hikari.HikariDataSource - HikariPool-1 - Starting...
2025-12-15 12:55:41.837 [main] INFO  com.zaxxer.hikari.pool.HikariPool - HikariPool-1 - Added connection oracle.jdbc.driver.T4CConnection@4b7ab7ab
2025-12-15 12:55:41.840 [main] INFO  com.zaxxer.hikari.HikariDataSource - HikariPool-1 - Start completed.
2025-12-15 12:55:42.021 [main] WARN  org.hibernate.orm.deprecation - HHH90000025: OracleDialect does not need to be specified explicitly using 'hibernate.dialect' (remove the property setting and it will be selected by default)
2025-12-15 12:55:43.052 [main] INFO  o.h.e.t.j.p.i.JtaPlatformInitiator - HHH000489: No JTA platform available (set 'hibernate.transaction.jta.platform' to enable JTA platform integration)
2025-12-15 12:55:43.363 [main] INFO  o.s.o.j.LocalContainerEntityManagerFactoryBean - Initialized JPA EntityManagerFactory for persistence unit 'default'
2025-12-15 12:55:43.591 [main] DEBUG c.e.V.utils.JwtAuthenticationFilter - Filter 'jwtAuthenticationFilter' configured for use
2025-12-15 12:55:43.628 [main] INFO  o.s.s.c.a.a.c.InitializeUserDetailsBeanManagerConfigurer$InitializeUserDetailsManagerConfigurer - Global AuthenticationManager configured with UserDetailsService bean with name userServiceImpl
2025-12-15 12:55:43.664 [main] INFO  o.s.d.j.r.query.QueryEnhancerFactory - Hibernate is in classpath; If applicable, HQL parser will be used.
2025-12-15 12:55:44.195 [main] WARN  o.s.b.a.o.j.JpaBaseConfiguration$JpaWebConfiguration - spring.jpa.open-in-view is enabled by default. Therefore, database queries may be performed during view rendering. Explicitly configure spring.jpa.open-in-view to disable this warning
2025-12-15 12:55:44.423 [main] DEBUG o.s.s.web.DefaultSecurityFilterChain - Will secure any request with filters: DisableEncodeUrlFilter, WebAsyncManagerIntegrationFilter, SecurityContextHolderFilter, HeaderWriterFilter, LogoutFilter, JwtAuthenticationFilter, RequestCacheAwareFilter, SecurityContextHolderAwareRequestFilter, AnonymousAuthenticationFilter, SessionManagementFilter, ExceptionTranslationFilter, AuthorizationFilter
2025-12-15 12:55:44.649 [main] INFO  o.s.b.w.e.tomcat.TomcatWebServer - Tomcat started on port 8080 (http) with context path '/'
2025-12-15 12:55:44.659 [main] INFO  com.example.VRS.VRSApplication - Started VRSApplication in 5.858 seconds (process running for 6.259)
2025-12-15 12:55:44.700 [scheduling-1] INFO  c.e.VRS.service.ScheduledTaskService - Starting scheduled task: Sample Scheduled Task
2025-12-15 12:55:44.701 [scheduling-1] INFO  c.example.VRS.service.LoggerService - System Event - Event: SCHEDULED_TASK_STARTED, Details: Sample Scheduled Task
2025-12-15 12:55:44.701 [scheduling-1] DEBUG c.e.VRS.service.ScheduledTaskService - Performing sample work...
2025-12-15 12:55:44.721 [main] DEBUG org.hibernate.SQL - select count(*) from vehicles v1_0
2025-12-15 12:55:46.701 [scheduling-1] DEBUG c.example.VRS.service.LoggerService - DEBUG: Database operations completed
2025-12-15 12:55:47.702 [scheduling-1] DEBUG c.example.VRS.service.LoggerService - DEBUG: External API calls completed
2025-12-15 12:55:47.702 [scheduling-1] INFO  c.example.VRS.service.LoggerService - INFO: Sample work completed at: 2025-12-15 12:55:47
2025-12-15 12:55:47.703 [scheduling-1] INFO  c.example.VRS.service.LoggerService - Operation 'Sample Scheduled Task' completed in 3003 ms
2025-12-15 12:55:47.703 [scheduling-1] INFO  c.example.VRS.service.LoggerService - System Event - Event: SCHEDULED_TASK_COMPLETED, Details: Sample Scheduled Task
2025-12-15 12:55:53.731 [scheduling-1] INFO  c.e.VRS.service.ScheduledTaskService - Starting vehicle status monitoring task
2025-12-15 12:55:53.731 [scheduling-1] INFO  c.example.VRS.service.LoggerService - System Event - Event: MONITORING_TASK_STARTED, Details: Vehicle Status Monitoring
2025-12-15 12:55:53.733 [scheduling-1] DEBUG org.hibernate.SQL - select count(*) from vehicles v1_0
2025-12-15 12:55:53.770 [scheduling-1] DEBUG org.hibernate.SQL - select v1_0.id,v1_0.color,v1_0.daily_rate,v1_0.make,v1_0.model,v1_0.registration_number,v1_0.seating_capacity,v1_0.status,v1_0.type,v1_0.year from vehicles v1_0 where v1_0.status='AVAILABLE' order by v1_0.daily_rate
2025-12-15 12:55:53.807 [scheduling-1] DEBUG org.hibernate.SQL - select v1_0.id,v1_0.color,v1_0.daily_rate,v1_0.make,v1_0.model,v1_0.registration_number,v1_0.seating_capacity,v1_0.status,v1_0.type,v1_0.year from vehicles v1_0 where v1_0.status=?
2025-12-15 12:55:53.811 [scheduling-1] INFO  c.example.VRS.service.LoggerService - INFO: Vehicle Statistics - Total: 34, Available: 27, Rented: 5
2025-12-15 12:55:53.812 [scheduling-1] INFO  c.example.VRS.service.LoggerService - INFO: System Health - Vehicle Availability Rate: 79.41%
2025-12-15 12:55:53.812 [scheduling-1] INFO  c.example.VRS.service.LoggerService - Operation 'Vehicle Status Monitoring' completed in 81 ms
2025-12-15 12:55:53.813 [scheduling-1] INFO  c.example.VRS.service.LoggerService - System Event - Event: MONITORING_TASK_COMPLETED, Details: Vehicle Status Monitoring
2025-12-15 12:55:56.836 [scheduling-1] INFO  c.e.VRS.service.ScheduledTaskService - Starting vehicle status monitoring task
2025-12-15 12:55:56.836 [scheduling-1] INFO  c.example.VRS.service.LoggerService - System Event - Event: MONITORING_TASK_STARTED, Details: Vehicle Status Monitoring
2025-12-15 12:55:56.837 [scheduling-1] DEBUG org.hibernate.SQL - select count(*) from vehicles v1_0
2025-12-15 12:55:56.840 [scheduling-1] DEBUG org.hibernate.SQL - select v1_0.id,v1_0.color,v1_0.daily_rate,v1_0.make,v1_0.model,v1_0.registration_number,v1_0.seating_capacity,v1_0.status,v1_0.type,v1_0.year from vehicles v1_0 where v1_0.status='AVAILABLE' order by v1_0.daily_rate
2025-12-15 12:55:56.850 [scheduling-1] DEBUG org.hibernate.SQL - select v1_0.id,v1_0.color,v1_0.daily_rate,v1_0.make,v1_0.model,v1_0.registration_number,v1_0.seating_capacity,v1_0.status,v1_0.type,v1_0.year from vehicles v1_0 where v1_0.status=?
2025-12-15 12:55:56.855 [scheduling-1] INFO  c.example.VRS.service.LoggerService - INFO: Vehicle Statistics - Total: 34, Available: 27, Rented: 5
2025-12-15 12:55:56.855 [scheduling-1] INFO  c.example.VRS.service.LoggerService - INFO: System Health - Vehicle Availability Rate: 79.41%
2025-12-15 12:55:56.855 [scheduling-1] INFO  c.example.VRS.service.LoggerService - Operation 'Vehicle Status Monitoring' completed in 19 ms
2025-12-15 12:55:56.855 [scheduling-1] INFO  c.example.VRS.service.LoggerService - System Event - Event: MONITORING_TASK_COMPLETED, Details: Vehicle Status Monitoring
2025-12-15 12:55:59.870 [scheduling-1] INFO  c.e.VRS.service.ScheduledTaskService - Starting vehicle status monitoring task
2025-12-15 12:55:59.871 [scheduling-1] INFO  c.example.VRS.service.LoggerService - System Event - Event: MONITORING_TASK_STARTED, Details: Vehicle Status Monitoring
2025-12-15 12:55:59.872 [scheduling-1] DEBUG org.hibernate.SQL - select count(*) from vehicles v1_0
2025-12-15 12:55:59.874 [scheduling-1] DEBUG org.hibernate.SQL - select v1_0.id,v1_0.color,v1_0.daily_rate,v1_0.make,v1_0.model,v1_0.registration_number,v1_0.seating_capacity,v1_0.status,v1_0.type,v1_0.year from vehicles v1_0 where v1_0.status='AVAILABLE' order by v1_0.daily_rate
2025-12-15 12:55:59.884 [scheduling-1] DEBUG org.hibernate.SQL - select v1_0.id,v1_0.color,v1_0.daily_rate,v1_0.make,v1_0.model,v1_0.registration_number,v1_0.seating_capacity,v1_0.status,v1_0.type,v1_0.year from vehicles v1_0 where v1_0.status=?
2025-12-15 12:55:59.887 [scheduling-1] INFO  c.example.VRS.service.LoggerService - INFO: Vehicle Statistics - Total: 34, Available: 27, Rented: 5
2025-12-15 12:55:59.887 [scheduling-1] INFO  c.example.VRS.service.LoggerService - INFO: System Health - Vehicle Availability Rate: 79.41%
2025-12-15 12:55:59.888 [scheduling-1] INFO  c.example.VRS.service.LoggerService - Operation 'Vehicle Status Monitoring' completed in 18 ms
2025-12-15 12:55:59.888 [scheduling-1] INFO  c.example.VRS.service.LoggerService - System Event - Event: MONITORING_TASK_COMPLETED, Details: Vehicle Status Monitoring
2025-12-15 12:56:02.901 [scheduling-1] INFO  c.e.VRS.service.ScheduledTaskService - Starting vehicle status monitoring task
2025-12-15 12:56:02.901 [scheduling-1] INFO  c.example.VRS.service.LoggerService - System Event - Event: MONITORING_TASK_STARTED, Details: Vehicle Status Monitoring
2025-12-15 12:56:02.902 [scheduling-1] DEBUG org.hibernate.SQL - select count(*) from vehicles v1_0
2025-12-15 12:56:02.905 [scheduling-1] DEBUG org.hibernate.SQL - select v1_0.id,v1_0.color,v1_0.daily_rate,v1_0.make,v1_0.model,v1_0.registration_number,v1_0.seating_capacity,v1_0.status,v1_0.type,v1_0.year from vehicles v1_0 where v1_0.status='AVAILABLE' order by v1_0.daily_rate
2025-12-15 12:56:02.911 [scheduling-1] DEBUG org.hibernate.SQL - select v1_0.id,v1_0.color,v1_0.daily_rate,v1_0.make,v1_0.model,v1_0.registration_number,v1_0.seating_capacity,v1_0.status,v1_0.type,v1_0.year from vehicles v1_0 where v1_0.status=?
2025-12-15 12:56:02.917 [scheduling-1] INFO  c.example.VRS.service.LoggerService - INFO: Vehicle Statistics - Total: 34, Available: 27, Rented: 5
2025-12-15 12:56:02.917 [scheduling-1] INFO  c.example.VRS.service.LoggerService - INFO: System Health - Vehicle Availability Rate: 79.41%
2025-12-15 12:56:02.918 [scheduling-1] INFO  c.example.VRS.service.LoggerService - Operation 'Vehicle Status Monitoring' completed in 17 ms
2025-12-15 12:56:02.918 [scheduling-1] INFO  c.example.VRS.service.LoggerService - System Event - Event: MONITORING_TASK_COMPLETED, Details: Vehicle Status Monitoring
2025-12-15 12:56:05.932 [scheduling-1] INFO  c.e.VRS.service.ScheduledTaskService - Starting vehicle status monitoring task
2025-12-15 12:56:05.932 [scheduling-1] INFO  c.example.VRS.service.LoggerService - System Event - Event: MONITORING_TASK_STARTED, Details: Vehicle Status Monitoring
2025-12-15 12:56:05.933 [scheduling-1] DEBUG org.hibernate.SQL - select count(*) from vehicles v1_0
2025-12-15 12:56:05.936 [scheduling-1] DEBUG org.hibernate.SQL - select v1_0.id,v1_0.color,v1_0.daily_rate,v1_0.make,v1_0.model,v1_0.registration_number,v1_0.seating_capacity,v1_0.status,v1_0.type,v1_0.year from vehicles v1_0 where v1_0.status='AVAILABLE' order by v1_0.daily_rate
2025-12-15 12:56:05.945 [scheduling-1] DEBUG org.hibernate.SQL - select v1_0.id,v1_0.color,v1_0.daily_rate,v1_0.make,v1_0.model,v1_0.registration_number,v1_0.seating_capacity,v1_0.status,v1_0.type,v1_0.year from vehicles v1_0 where v1_0.status=?
2025-12-15 12:56:05.948 [scheduling-1] INFO  c.example.VRS.service.LoggerService - INFO: Vehicle Statistics - Total: 34, Available: 27, Rented: 5
2025-12-15 12:56:05.949 [scheduling-1] INFO  c.example.VRS.service.LoggerService - INFO: System Health - Vehicle Availability Rate: 79.41%
2025-12-15 12:56:05.950 [scheduling-1] INFO  c.example.VRS.service.LoggerService - Operation 'Vehicle Status Monitoring' completed in 18 ms
2025-12-15 12:56:05.950 [scheduling-1] INFO  c.example.VRS.service.LoggerService - System Event - Event: MONITORING_TASK_COMPLETED, Details: Vehicle Status Monitoring
2025-12-15 12:56:09.006 [scheduling-1] INFO  c.e.VRS.service.ScheduledTaskService - Starting vehicle status monitoring task
2025-12-15 12:56:09.007 [scheduling-1] INFO  c.example.VRS.service.LoggerService - System Event - Event: MONITORING_TASK_STARTED, Details: Vehicle Status Monitoring
2025-12-15 12:56:09.008 [scheduling-1] DEBUG org.hibernate.SQL - select count(*) from vehicles v1_0
2025-12-15 12:56:09.015 [scheduling-1] DEBUG org.hibernate.SQL - select v1_0.id,v1_0.color,v1_0.daily_rate,v1_0.make,v1_0.model,v1_0.registration_number,v1_0.seating_capacity,v1_0.status,v1_0.type,v1_0.year from vehicles v1_0 where v1_0.status='AVAILABLE' order by v1_0.daily_rate
2025-12-15 12:56:09.038 [scheduling-1] DEBUG org.hibernate.SQL - select v1_0.id,v1_0.color,v1_0.daily_rate,v1_0.make,v1_0.model,v1_0.registration_number,v1_0.seating_capacity,v1_0.status,v1_0.type,v1_0.year from vehicles v1_0 where v1_0.status=?
2025-12-15 12:56:09.043 [scheduling-1] INFO  c.example.VRS.service.LoggerService - INFO: Vehicle Statistics - Total: 34, Available: 27, Rented: 5
2025-12-15 12:56:09.043 [scheduling-1] INFO  c.example.VRS.service.LoggerService - INFO: System Health - Vehicle Availability Rate: 79.41%
2025-12-15 12:56:09.044 [scheduling-1] INFO  c.example.VRS.service.LoggerService - Operation 'Vehicle Status Monitoring' completed in 38 ms
2025-12-15 12:56:09.045 [scheduling-1] INFO  c.example.VRS.service.LoggerService - System Event - Event: MONITORING_TASK_COMPLETED, Details: Vehicle Status Monitoring
2025-12-15 12:56:12.072 [scheduling-1] INFO  c.e.VRS.service.ScheduledTaskService - Starting vehicle status monitoring task
2025-12-15 12:56:12.072 [scheduling-1] INFO  c.example.VRS.service.LoggerService - System Event - Event: MONITORING_TASK_STARTED, Details: Vehicle Status Monitoring
2025-12-15 12:56:12.073 [scheduling-1] DEBUG org.hibernate.SQL - select count(*) from vehicles v1_0
2025-12-15 12:56:12.075 [scheduling-1] DEBUG org.hibernate.SQL - select v1_0.id,v1_0.color,v1_0.daily_rate,v1_0.make,v1_0.model,v1_0.registration_number,v1_0.seating_capacity,v1_0.status,v1_0.type,v1_0.year from vehicles v1_0 where v1_0.status='AVAILABLE' order by v1_0.daily_rate
2025-12-15 12:56:12.083 [scheduling-1] DEBUG org.hibernate.SQL - select v1_0.id,v1_0.color,v1_0.daily_rate,v1_0.make,v1_0.model,v1_0.registration_number,v1_0.seating_capacity,v1_0.status,v1_0.type,v1_0.year from vehicles v1_0 where v1_0.status=?
2025-12-15 12:56:12.086 [scheduling-1] INFO  c.example.VRS.service.LoggerService - INFO: Vehicle Statistics - Total: 34, Available: 27, Rented: 5
2025-12-15 12:56:12.087 [scheduling-1] INFO  c.example.VRS.service.LoggerService - INFO: System Health - Vehicle Availability Rate: 79.41%
2025-12-15 12:56:12.087 [scheduling-1] INFO  c.example.VRS.service.LoggerService - Operation 'Vehicle Status Monitoring' completed in 15 ms
2025-12-15 12:56:12.087 [scheduling-1] INFO  c.example.VRS.service.LoggerService - System Event - Event: MONITORING_TASK_COMPLETED, Details: Vehicle Status Monitoring
2025-12-15 12:56:15.100 [scheduling-1] INFO  c.e.VRS.service.ScheduledTaskService - Starting vehicle status monitoring task
2025-12-15 12:56:15.101 [scheduling-1] INFO  c.example.VRS.service.LoggerService - System Event - Event: MONITORING_TASK_STARTED, Details: Vehicle Status Monitoring
2025-12-15 12:56:15.101 [scheduling-1] DEBUG org.hibernate.SQL - select count(*) from vehicles v1_0
2025-12-15 12:56:15.104 [scheduling-1] DEBUG org.hibernate.SQL - select v1_0.id,v1_0.color,v1_0.daily_rate,v1_0.make,v1_0.model,v1_0.registration_number,v1_0.seating_capacity,v1_0.status,v1_0.type,v1_0.year from vehicles v1_0 where v1_0.status='AVAILABLE' order by v1_0.daily_rate
2025-12-15 12:56:15.110 [scheduling-1] DEBUG org.hibernate.SQL - select v1_0.id,v1_0.color,v1_0.daily_rate,v1_0.make,v1_0.model,v1_0.registration_number,v1_0.seating_capacity,v1_0.status,v1_0.type,v1_0.year from vehicles v1_0 where v1_0.status=?
2025-12-15 12:56:15.113 [scheduling-1] INFO  c.example.VRS.service.LoggerService - INFO: Vehicle Statistics - Total: 34, Available: 27, Rented: 5
2025-12-15 12:56:15.114 [scheduling-1] INFO  c.example.VRS.service.LoggerService - INFO: System Health - Vehicle Availability Rate: 79.41%
2025-12-15 12:56:15.114 [scheduling-1] INFO  c.example.VRS.service.LoggerService - Operation 'Vehicle Status Monitoring' completed in 14 ms
2025-12-15 12:56:15.114 [scheduling-1] INFO  c.example.VRS.service.LoggerService - System Event - Event: MONITORING_TASK_COMPLETED, Details: Vehicle Status Monitoring
2025-12-15 12:56:18.129 [scheduling-1] INFO  c.e.VRS.service.ScheduledTaskService - Starting vehicle status monitoring task
2025-12-15 12:56:18.130 [scheduling-1] INFO  c.example.VRS.service.LoggerService - System Event - Event: MONITORING_TASK_STARTED, Details: Vehicle Status Monitoring
2025-12-15 12:56:18.130 [scheduling-1] DEBUG org.hibernate.SQL - select count(*) from vehicles v1_0
2025-12-15 12:56:18.133 [scheduling-1] DEBUG org.hibernate.SQL - select v1_0.id,v1_0.color,v1_0.daily_rate,v1_0.make,v1_0.model,v1_0.registration_number,v1_0.seating_capacity,v1_0.status,v1_0.type,v1_0.year from vehicles v1_0 where v1_0.status='AVAILABLE' order by v1_0.daily_rate
2025-12-15 12:56:18.139 [scheduling-1] DEBUG org.hibernate.SQL - select v1_0.id,v1_0.color,v1_0.daily_rate,v1_0.make,v1_0.model,v1_0.registration_number,v1_0.seating_capacity,v1_0.status,v1_0.type,v1_0.year from vehicles v1_0 where v1_0.status=?
2025-12-15 12:56:18.144 [scheduling-1] INFO  c.example.VRS.service.LoggerService - INFO: Vehicle Statistics - Total: 34, Available: 27, Rented: 5
2025-12-15 12:56:18.145 [scheduling-1] INFO  c.example.VRS.service.LoggerService - INFO: System Health - Vehicle Availability Rate: 79.41%
2025-12-15 12:56:18.145 [scheduling-1] INFO  c.example.VRS.service.LoggerService - Operation 'Vehicle Status Monitoring' completed in 16 ms
2025-12-15 12:56:18.146 [scheduling-1] INFO  c.example.VRS.service.LoggerService - System Event - Event: MONITORING_TASK_COMPLETED, Details: Vehicle Status Monitoring
2025-12-15 12:56:21.159 [scheduling-1] INFO  c.e.VRS.service.ScheduledTaskService - Starting vehicle status monitoring task
2025-12-15 12:56:21.160 [scheduling-1] INFO  c.example.VRS.service.LoggerService - System Event - Event: MONITORING_TASK_STARTED, Details: Vehicle Status Monitoring
2025-12-15 12:56:21.161 [scheduling-1] DEBUG org.hibernate.SQL - select count(*) from vehicles v1_0
2025-12-15 12:56:21.164 [scheduling-1] DEBUG org.hibernate.SQL - select v1_0.id,v1_0.color,v1_0.daily_rate,v1_0.make,v1_0.model,v1_0.registration_number,v1_0.seating_capacity,v1_0.status,v1_0.type,v1_0.year from vehicles v1_0 where v1_0.status='AVAILABLE' order by v1_0.daily_rate
2025-12-15 12:56:21.172 [scheduling-1] DEBUG org.hibernate.SQL - select v1_0.id,v1_0.color,v1_0.daily_rate,v1_0.make,v1_0.model,v1_0.registration_number,v1_0.seating_capacity,v1_0.status,v1_0.type,v1_0.year from vehicles v1_0 where v1_0.status=?
2025-12-15 12:56:21.175 [scheduling-1] INFO  c.example.VRS.service.LoggerService - INFO: Vehicle Statistics - Total: 34, Available: 27, Rented: 5
2025-12-15 12:56:21.175 [scheduling-1] INFO  c.example.VRS.service.LoggerService - INFO: System Health - Vehicle Availability Rate: 79.41%
2025-12-15 12:56:21.176 [scheduling-1] INFO  c.example.VRS.service.LoggerService - Operation 'Vehicle Status Monitoring' completed in 17 ms
2025-12-15 12:56:21.176 [scheduling-1] INFO  c.example.VRS.service.LoggerService - System Event - Event: MONITORING_TASK_COMPLETED, Details: Vehicle Status Monitoring
2025-12-15 12:56:24.190 [scheduling-1] INFO  c.e.VRS.service.ScheduledTaskService - Starting vehicle status monitoring task
2025-12-15 12:56:24.190 [scheduling-1] INFO  c.example.VRS.service.LoggerService - System Event - Event: MONITORING_TASK_STARTED, Details: Vehicle Status Monitoring
2025-12-15 12:56:24.191 [scheduling-1] DEBUG org.hibernate.SQL - select count(*) from vehicles v1_0
2025-12-15 12:56:24.194 [scheduling-1] DEBUG org.hibernate.SQL - select v1_0.id,v1_0.color,v1_0.daily_rate,v1_0.make,v1_0.model,v1_0.registration_number,v1_0.seating_capacity,v1_0.status,v1_0.type,v1_0.year from vehicles v1_0 where v1_0.status='AVAILABLE' order by v1_0.daily_rate
2025-12-15 12:56:24.202 [scheduling-1] DEBUG org.hibernate.SQL - select v1_0.id,v1_0.color,v1_0.daily_rate,v1_0.make,v1_0.model,v1_0.registration_number,v1_0.seating_capacity,v1_0.status,v1_0.type,v1_0.year from vehicles v1_0 where v1_0.status=?
2025-12-15 12:56:24.206 [scheduling-1] INFO  c.example.VRS.service.LoggerService - INFO: Vehicle Statistics - Total: 34, Available: 27, Rented: 5
2025-12-15 12:56:24.207 [scheduling-1] INFO  c.example.VRS.service.LoggerService - INFO: System Health - Vehicle Availability Rate: 79.41%
2025-12-15 12:56:24.207 [scheduling-1] INFO  c.example.VRS.service.LoggerService - Operation 'Vehicle Status Monitoring' completed in 17 ms
2025-12-15 12:56:24.207 [scheduling-1] INFO  c.example.VRS.service.LoggerService - System Event - Event: MONITORING_TASK_COMPLETED, Details: Vehicle Status Monitoring
2025-12-15 12:56:27.223 [scheduling-1] INFO  c.e.VRS.service.ScheduledTaskService - Starting vehicle status monitoring task
2025-12-15 12:56:27.224 [scheduling-1] INFO  c.example.VRS.service.LoggerService - System Event - Event: MONITORING_TASK_STARTED, Details: Vehicle Status Monitoring
2025-12-15 12:56:27.224 [scheduling-1] DEBUG org.hibernate.SQL - select count(*) from vehicles v1_0
2025-12-15 12:56:27.227 [scheduling-1] DEBUG org.hibernate.SQL - select v1_0.id,v1_0.color,v1_0.daily_rate,v1_0.make,v1_0.model,v1_0.registration_number,v1_0.seating_capacity,v1_0.status,v1_0.type,v1_0.year from vehicles v1_0 where v1_0.status='AVAILABLE' order by v1_0.daily_rate
2025-12-15 12:56:27.234 [scheduling-1] DEBUG org.hibernate.SQL - select v1_0.id,v1_0.color,v1_0.daily_rate,v1_0.make,v1_0.model,v1_0.registration_number,v1_0.seating_capacity,v1_0.status,v1_0.type,v1_0.year from vehicles v1_0 where v1_0.status=?
2025-12-15 12:56:27.237 [scheduling-1] INFO  c.example.VRS.service.LoggerService - INFO: Vehicle Statistics - Total: 34, Available: 27, Rented: 5
2025-12-15 12:56:27.238 [scheduling-1] INFO  c.example.VRS.service.LoggerService - INFO: System Health - Vehicle Availability Rate: 79.41%
2025-12-15 12:56:27.238 [scheduling-1] INFO  c.example.VRS.service.LoggerService - Operation 'Vehicle Status Monitoring' completed in 15 ms
2025-12-15 12:56:27.238 [scheduling-1] INFO  c.example.VRS.service.LoggerService - System Event - Event: MONITORING_TASK_COMPLETED, Details: Vehicle Status Monitoring
2025-12-15 12:56:30.255 [scheduling-1] INFO  c.e.VRS.service.ScheduledTaskService - Starting vehicle status monitoring task
2025-12-15 12:56:30.255 [scheduling-1] INFO  c.example.VRS.service.LoggerService - System Event - Event: MONITORING_TASK_STARTED, Details: Vehicle Status Monitoring
2025-12-15 12:56:30.256 [scheduling-1] DEBUG org.hibernate.SQL - select count(*) from vehicles v1_0
2025-12-15 12:56:30.258 [scheduling-1] DEBUG org.hibernate.SQL - select v1_0.id,v1_0.color,v1_0.daily_rate,v1_0.make,v1_0.model,v1_0.registration_number,v1_0.seating_capacity,v1_0.status,v1_0.type,v1_0.year from vehicles v1_0 where v1_0.status='AVAILABLE' order by v1_0.daily_rate
2025-12-15 12:56:30.264 [scheduling-1] DEBUG org.hibernate.SQL - select v1_0.id,v1_0.color,v1_0.daily_rate,v1_0.make,v1_0.model,v1_0.registration_number,v1_0.seating_capacity,v1_0.status,v1_0.type,v1_0.year from vehicles v1_0 where v1_0.status=?
2025-12-15 12:56:30.267 [scheduling-1] INFO  c.example.VRS.service.LoggerService - INFO: Vehicle Statistics - Total: 34, Available: 27, Rented: 5
2025-12-15 12:56:30.267 [scheduling-1] INFO  c.example.VRS.service.LoggerService - INFO: System Health - Vehicle Availability Rate: 79.41%
2025-12-15 12:56:30.267 [scheduling-1] INFO  c.example.VRS.service.LoggerService - Operation 'Vehicle Status Monitoring' completed in 12 ms
2025-12-15 12:56:30.267 [scheduling-1] INFO  c.example.VRS.service.LoggerService - System Event - Event: MONITORING_TASK_COMPLETED, Details: Vehicle Status Monitoring
2025-12-15 12:56:33.284 [scheduling-1] INFO  c.e.VRS.service.ScheduledTaskService - Starting vehicle status monitoring task
2025-12-15 12:56:33.285 [scheduling-1] INFO  c.example.VRS.service.LoggerService - System Event - Event: MONITORING_TASK_STARTED, Details: Vehicle Status Monitoring
2025-12-15 12:56:33.286 [scheduling-1] DEBUG org.hibernate.SQL - select count(*) from vehicles v1_0
2025-12-15 12:56:33.289 [scheduling-1] DEBUG org.hibernate.SQL - select v1_0.id,v1_0.color,v1_0.daily_rate,v1_0.make,v1_0.model,v1_0.registration_number,v1_0.seating_capacity,v1_0.status,v1_0.type,v1_0.year from vehicles v1_0 where v1_0.status='AVAILABLE' order by v1_0.daily_rate
2025-12-15 12:56:33.296 [scheduling-1] DEBUG org.hibernate.SQL - select v1_0.id,v1_0.color,v1_0.daily_rate,v1_0.make,v1_0.model,v1_0.registration_number,v1_0.seating_capacity,v1_0.status,v1_0.type,v1_0.year from vehicles v1_0 where v1_0.status=?
2025-12-15 12:56:33.298 [scheduling-1] INFO  c.example.VRS.service.LoggerService - INFO: Vehicle Statistics - Total: 34, Available: 27, Rented: 5
2025-12-15 12:56:33.299 [scheduling-1] INFO  c.example.VRS.service.LoggerService - INFO: System Health - Vehicle Availability Rate: 79.41%
2025-12-15 12:56:33.299 [scheduling-1] INFO  c.example.VRS.service.LoggerService - Operation 'Vehicle Status Monitoring' completed in 15 ms
2025-12-15 12:56:33.299 [scheduling-1] INFO  c.example.VRS.service.LoggerService - System Event - Event: MONITORING_TASK_COMPLETED, Details: Vehicle Status Monitoring
2025-12-15 12:56:36.324 [scheduling-1] INFO  c.e.VRS.service.ScheduledTaskService - Starting vehicle status monitoring task
2025-12-15 12:56:36.324 [scheduling-1] INFO  c.example.VRS.service.LoggerService - System Event - Event: MONITORING_TASK_STARTED, Details: Vehicle Status Monitoring
2025-12-15 12:56:36.325 [scheduling-1] DEBUG org.hibernate.SQL - select count(*) from vehicles v1_0
2025-12-15 12:56:36.327 [scheduling-1] DEBUG org.hibernate.SQL - select v1_0.id,v1_0.color,v1_0.daily_rate,v1_0.make,v1_0.model,v1_0.registration_number,v1_0.seating_capacity,v1_0.status,v1_0.type,v1_0.year from vehicles v1_0 where v1_0.status='AVAILABLE' order by v1_0.daily_rate
2025-12-15 12:56:36.333 [scheduling-1] DEBUG org.hibernate.SQL - select v1_0.id,v1_0.color,v1_0.daily_rate,v1_0.make,v1_0.model,v1_0.registration_number,v1_0.seating_capacity,v1_0.status,v1_0.type,v1_0.year from vehicles v1_0 where v1_0.status=?
2025-12-15 12:56:36.337 [scheduling-1] INFO  c.example.VRS.service.LoggerService - INFO: Vehicle Statistics - Total: 34, Available: 27, Rented: 5
2025-12-15 12:56:36.337 [scheduling-1] INFO  c.example.VRS.service.LoggerService - INFO: System Health - Vehicle Availability Rate: 79.41%
2025-12-15 12:56:36.337 [scheduling-1] INFO  c.example.VRS.service.LoggerService - Operation 'Vehicle Status Monitoring' completed in 13 ms
2025-12-15 12:56:36.337 [scheduling-1] INFO  c.example.VRS.service.LoggerService - System Event - Event: MONITORING_TASK_COMPLETED, Details: Vehicle Status Monitoring
2025-12-15 12:56:39.352 [scheduling-1] INFO  c.e.VRS.service.ScheduledTaskService - Starting vehicle status monitoring task
2025-12-15 12:56:39.352 [scheduling-1] INFO  c.example.VRS.service.LoggerService - System Event - Event: MONITORING_TASK_STARTED, Details: Vehicle Status Monitoring
2025-12-15 12:56:39.354 [scheduling-1] DEBUG org.hibernate.SQL - select count(*) from vehicles v1_0
2025-12-15 12:56:39.357 [scheduling-1] DEBUG org.hibernate.SQL - select v1_0.id,v1_0.color,v1_0.daily_rate,v1_0.make,v1_0.model,v1_0.registration_number,v1_0.seating_capacity,v1_0.status,v1_0.type,v1_0.year from vehicles v1_0 where v1_0.status='AVAILABLE' order by v1_0.daily_rate
2025-12-15 12:56:39.364 [scheduling-1] DEBUG org.hibernate.SQL - select v1_0.id,v1_0.color,v1_0.daily_rate,v1_0.make,v1_0.model,v1_0.registration_number,v1_0.seating_capacity,v1_0.status,v1_0.type,v1_0.year from vehicles v1_0 where v1_0.status=?
2025-12-15 12:56:39.367 [scheduling-1] INFO  c.example.VRS.service.LoggerService - INFO: Vehicle Statistics - Total: 34, Available: 27, Rented: 5
2025-12-15 12:56:39.367 [scheduling-1] INFO  c.example.VRS.service.LoggerService - INFO: System Health - Vehicle Availability Rate: 79.41%
2025-12-15 12:56:39.367 [scheduling-1] INFO  c.example.VRS.service.LoggerService - Operation 'Vehicle Status Monitoring' completed in 15 ms
2025-12-15 12:56:39.367 [scheduling-1] INFO  c.example.VRS.service.LoggerService - System Event - Event: MONITORING_TASK_COMPLETED, Details: Vehicle Status Monitoring
2025-12-15 12:56:42.381 [scheduling-1] INFO  c.e.VRS.service.ScheduledTaskService - Starting vehicle status monitoring task
2025-12-15 12:56:42.382 [scheduling-1] INFO  c.example.VRS.service.LoggerService - System Event - Event: MONITORING_TASK_STARTED, Details: Vehicle Status Monitoring
2025-12-15 12:56:42.382 [scheduling-1] DEBUG org.hibernate.SQL - select count(*) from vehicles v1_0
2025-12-15 12:56:42.385 [scheduling-1] DEBUG org.hibernate.SQL - select v1_0.id,v1_0.color,v1_0.daily_rate,v1_0.make,v1_0.model,v1_0.registration_number,v1_0.seating_capacity,v1_0.status,v1_0.type,v1_0.year from vehicles v1_0 where v1_0.status='AVAILABLE' order by v1_0.daily_rate
2025-12-15 12:56:42.392 [scheduling-1] DEBUG org.hibernate.SQL - select v1_0.id,v1_0.color,v1_0.daily_rate,v1_0.make,v1_0.model,v1_0.registration_number,v1_0.seating_capacity,v1_0.status,v1_0.type,v1_0.year from vehicles v1_0 where v1_0.status=?
2025-12-15 12:56:42.396 [scheduling-1] INFO  c.example.VRS.service.LoggerService - INFO: Vehicle Statistics - Total: 34, Available: 27, Rented: 5
2025-12-15 12:56:42.396 [scheduling-1] INFO  c.example.VRS.service.LoggerService - INFO: System Health - Vehicle Availability Rate: 79.41%
2025-12-15 12:56:42.397 [scheduling-1] INFO  c.example.VRS.service.LoggerService - Operation 'Vehicle Status Monitoring' completed in 16 ms
2025-12-15 12:56:42.397 [scheduling-1] INFO  c.example.VRS.service.LoggerService - System Event - Event: MONITORING_TASK_COMPLETED, Details: Vehicle Status Monitoring
2025-12-15 12:56:45.412 [scheduling-1] INFO  c.e.VRS.service.ScheduledTaskService - Starting vehicle status monitoring task
2025-12-15 12:56:45.413 [scheduling-1] INFO  c.example.VRS.service.LoggerService - System Event - Event: MONITORING_TASK_STARTED, Details: Vehicle Status Monitoring
2025-12-15 12:56:45.413 [scheduling-1] DEBUG org.hibernate.SQL - select count(*) from vehicles v1_0
2025-12-15 12:56:45.417 [scheduling-1] DEBUG org.hibernate.SQL - select v1_0.id,v1_0.color,v1_0.daily_rate,v1_0.make,v1_0.model,v1_0.registration_number,v1_0.seating_capacity,v1_0.status,v1_0.type,v1_0.year from vehicles v1_0 where v1_0.status='AVAILABLE' order by v1_0.daily_rate
2025-12-15 12:56:45.424 [scheduling-1] DEBUG org.hibernate.SQL - select v1_0.id,v1_0.color,v1_0.daily_rate,v1_0.make,v1_0.model,v1_0.registration_number,v1_0.seating_capacity,v1_0.status,v1_0.type,v1_0.year from vehicles v1_0 where v1_0.status=?
2025-12-15 12:56:45.426 [scheduling-1] INFO  c.example.VRS.service.LoggerService - INFO: Vehicle Statistics - Total: 34, Available: 27, Rented: 5
2025-12-15 12:56:45.427 [scheduling-1] INFO  c.example.VRS.service.LoggerService - INFO: System Health - Vehicle Availability Rate: 79.41%
2025-12-15 12:56:45.427 [scheduling-1] INFO  c.example.VRS.service.LoggerService - Operation 'Vehicle Status Monitoring' completed in 15 ms
2025-12-15 12:56:45.427 [scheduling-1] INFO  c.example.VRS.service.LoggerService - System Event - Event: MONITORING_TASK_COMPLETED, Details: Vehicle Status Monitoring
2025-12-15 12:56:48.442 [scheduling-1] INFO  c.e.VRS.service.ScheduledTaskService - Starting vehicle status monitoring task
2025-12-15 12:56:48.442 [scheduling-1] INFO  c.example.VRS.service.LoggerService - System Event - Event: MONITORING_TASK_STARTED, Details: Vehicle Status Monitoring
2025-12-15 12:56:48.443 [scheduling-1] DEBUG org.hibernate.SQL - select count(*) from vehicles v1_0
2025-12-15 12:56:48.445 [scheduling-1] DEBUG org.hibernate.SQL - select v1_0.id,v1_0.color,v1_0.daily_rate,v1_0.make,v1_0.model,v1_0.registration_number,v1_0.seating_capacity,v1_0.status,v1_0.type,v1_0.year from vehicles v1_0 where v1_0.status='AVAILABLE' order by v1_0.daily_rate
2025-12-15 12:56:48.450 [scheduling-1] DEBUG org.hibernate.SQL - select v1_0.id,v1_0.color,v1_0.daily_rate,v1_0.make,v1_0.model,v1_0.registration_number,v1_0.seating_capacity,v1_0.status,v1_0.type,v1_0.year from vehicles v1_0 where v1_0.status=?
2025-12-15 12:56:48.454 [scheduling-1] INFO  c.example.VRS.service.LoggerService - INFO: Vehicle Statistics - Total: 34, Available: 27, Rented: 5
2025-12-15 12:56:48.455 [scheduling-1] INFO  c.example.VRS.service.LoggerService - INFO: System Health - Vehicle Availability Rate: 79.41%
2025-12-15 12:56:48.455 [scheduling-1] INFO  c.example.VRS.service.LoggerService - Operation 'Vehicle Status Monitoring' completed in 13 ms
2025-12-15 12:56:48.455 [scheduling-1] INFO  c.example.VRS.service.LoggerService - System Event - Event: MONITORING_TASK_COMPLETED, Details: Vehicle Status Monitoring
2025-12-15 12:56:51.470 [scheduling-1] INFO  c.e.VRS.service.ScheduledTaskService - Starting vehicle status monitoring task
2025-12-15 12:56:51.471 [scheduling-1] INFO  c.example.VRS.service.LoggerService - System Event - Event: MONITORING_TASK_STARTED, Details: Vehicle Status Monitoring
2025-12-15 12:56:51.471 [scheduling-1] DEBUG org.hibernate.SQL - select count(*) from vehicles v1_0
2025-12-15 12:56:51.474 [scheduling-1] DEBUG org.hibernate.SQL - select v1_0.id,v1_0.color,v1_0.daily_rate,v1_0.make,v1_0.model,v1_0.registration_number,v1_0.seating_capacity,v1_0.status,v1_0.type,v1_0.year from vehicles v1_0 where v1_0.status='AVAILABLE' order by v1_0.daily_rate
2025-12-15 12:56:51.479 [scheduling-1] DEBUG org.hibernate.SQL - select v1_0.id,v1_0.color,v1_0.daily_rate,v1_0.make,v1_0.model,v1_0.registration_number,v1_0.seating_capacity,v1_0.status,v1_0.type,v1_0.year from vehicles v1_0 where v1_0.status=?
2025-12-15 12:56:51.481 [scheduling-1] INFO  c.example.VRS.service.LoggerService - INFO: Vehicle Statistics - Total: 34, Available: 27, Rented: 5
2025-12-15 12:56:51.481 [scheduling-1] INFO  c.example.VRS.service.LoggerService - INFO: System Health - Vehicle Availability Rate: 79.41%
2025-12-15 12:56:51.482 [scheduling-1] INFO  c.example.VRS.service.LoggerService - Operation 'Vehicle Status Monitoring' completed in 12 ms
2025-12-15 12:56:51.482 [scheduling-1] INFO  c.example.VRS.service.LoggerService - System Event - Event: MONITORING_TASK_COMPLETED, Details: Vehicle Status Monitoring
2025-12-15 12:56:54.497 [scheduling-1] INFO  c.e.VRS.service.ScheduledTaskService - Starting vehicle status monitoring task
2025-12-15 12:56:54.498 [scheduling-1] INFO  c.example.VRS.service.LoggerService - System Event - Event: MONITORING_TASK_STARTED, Details: Vehicle Status Monitoring
2025-12-15 12:56:54.499 [scheduling-1] DEBUG org.hibernate.SQL - select count(*) from vehicles v1_0
2025-12-15 12:56:54.502 [scheduling-1] DEBUG org.hibernate.SQL - select v1_0.id,v1_0.color,v1_0.daily_rate,v1_0.make,v1_0.model,v1_0.registration_number,v1_0.seating_capacity,v1_0.status,v1_0.type,v1_0.year from vehicles v1_0 where v1_0.status='AVAILABLE' order by v1_0.daily_rate
2025-12-15 12:56:54.509 [scheduling-1] DEBUG org.hibernate.SQL - select v1_0.id,v1_0.color,v1_0.daily_rate,v1_0.make,v1_0.model,v1_0.registration_number,v1_0.seating_capacity,v1_0.status,v1_0.type,v1_0.year from vehicles v1_0 where v1_0.status=?
2025-12-15 12:56:54.511 [scheduling-1] INFO  c.example.VRS.service.LoggerService - INFO: Vehicle Statistics - Total: 34, Available: 27, Rented: 5
2025-12-15 12:56:54.512 [scheduling-1] INFO  c.example.VRS.service.LoggerService - INFO: System Health - Vehicle Availability Rate: 79.41%
2025-12-15 12:56:54.512 [scheduling-1] INFO  c.example.VRS.service.LoggerService - Operation 'Vehicle Status Monitoring' completed in 15 ms
2025-12-15 12:56:54.512 [scheduling-1] INFO  c.example.VRS.service.LoggerService - System Event - Event: MONITORING_TASK_COMPLETED, Details: Vehicle Status Monitoring
2025-12-15 12:56:57.532 [scheduling-1] INFO  c.e.VRS.service.ScheduledTaskService - Starting vehicle status monitoring task
2025-12-15 12:56:57.532 [scheduling-1] INFO  c.example.VRS.service.LoggerService - System Event - Event: MONITORING_TASK_STARTED, Details: Vehicle Status Monitoring
2025-12-15 12:56:57.533 [scheduling-1] DEBUG org.hibernate.SQL - select count(*) from vehicles v1_0
2025-12-15 12:56:57.536 [scheduling-1] DEBUG org.hibernate.SQL - select v1_0.id,v1_0.color,v1_0.daily_rate,v1_0.make,v1_0.model,v1_0.registration_number,v1_0.seating_capacity,v1_0.status,v1_0.type,v1_0.year from vehicles v1_0 where v1_0.status='AVAILABLE' order by v1_0.daily_rate
2025-12-15 12:56:57.542 [scheduling-1] DEBUG org.hibernate.SQL - select v1_0.id,v1_0.color,v1_0.daily_rate,v1_0.make,v1_0.model,v1_0.registration_number,v1_0.seating_capacity,v1_0.status,v1_0.type,v1_0.year from vehicles v1_0 where v1_0.status=?
2025-12-15 12:56:57.545 [scheduling-1] INFO  c.example.VRS.service.LoggerService - INFO: Vehicle Statistics - Total: 34, Available: 27, Rented: 5
2025-12-15 12:56:57.546 [scheduling-1] INFO  c.example.VRS.service.LoggerService - INFO: System Health - Vehicle Availability Rate: 79.41%
2025-12-15 12:56:57.546 [scheduling-1] INFO  c.example.VRS.service.LoggerService - Operation 'Vehicle Status Monitoring' completed in 14 ms
2025-12-15 12:56:57.546 [scheduling-1] INFO  c.example.VRS.service.LoggerService - System Event - Event: MONITORING_TASK_COMPLETED, Details: Vehicle Status Monitoring
2025-12-15 12:57:00.559 [scheduling-1] INFO  c.e.VRS.service.ScheduledTaskService - Starting vehicle status monitoring task
2025-12-15 12:57:00.560 [scheduling-1] INFO  c.example.VRS.service.LoggerService - System Event - Event: MONITORING_TASK_STARTED, Details: Vehicle Status Monitoring
2025-12-15 12:57:00.560 [scheduling-1] DEBUG org.hibernate.SQL - select count(*) from vehicles v1_0
2025-12-15 12:57:00.563 [scheduling-1] DEBUG org.hibernate.SQL - select v1_0.id,v1_0.color,v1_0.daily_rate,v1_0.make,v1_0.model,v1_0.registration_number,v1_0.seating_capacity,v1_0.status,v1_0.type,v1_0.year from vehicles v1_0 where v1_0.status='AVAILABLE' order by v1_0.daily_rate
2025-12-15 12:57:00.570 [scheduling-1] DEBUG org.hibernate.SQL - select v1_0.id,v1_0.color,v1_0.daily_rate,v1_0.make,v1_0.model,v1_0.registration_number,v1_0.seating_capacity,v1_0.status,v1_0.type,v1_0.year from vehicles v1_0 where v1_0.status=?
2025-12-15 12:57:00.573 [scheduling-1] INFO  c.example.VRS.service.LoggerService - INFO: Vehicle Statistics - Total: 34, Available: 27, Rented: 5
2025-12-15 12:57:00.574 [scheduling-1] INFO  c.example.VRS.service.LoggerService - INFO: System Health - Vehicle Availability Rate: 79.41%
2025-12-15 12:57:00.574 [scheduling-1] INFO  c.example.VRS.service.LoggerService - Operation 'Vehicle Status Monitoring' completed in 15 ms
2025-12-15 12:57:00.574 [scheduling-1] INFO  c.example.VRS.service.LoggerService - System Event - Event: MONITORING_TASK_COMPLETED, Details: Vehicle Status Monitoring
2025-12-15 12:57:03.588 [scheduling-1] INFO  c.e.VRS.service.ScheduledTaskService - Starting vehicle status monitoring task
2025-12-15 12:57:03.588 [scheduling-1] INFO  c.example.VRS.service.LoggerService - System Event - Event: MONITORING_TASK_STARTED, Details: Vehicle Status Monitoring
2025-12-15 12:57:03.589 [scheduling-1] DEBUG org.hibernate.SQL - select count(*) from vehicles v1_0
2025-12-15 12:57:03.592 [scheduling-1] DEBUG org.hibernate.SQL - select v1_0.id,v1_0.color,v1_0.daily_rate,v1_0.make,v1_0.model,v1_0.registration_number,v1_0.seating_capacity,v1_0.status,v1_0.type,v1_0.year from vehicles v1_0 where v1_0.status='AVAILABLE' order by v1_0.daily_rate
2025-12-15 12:57:03.598 [scheduling-1] DEBUG org.hibernate.SQL - select v1_0.id,v1_0.color,v1_0.daily_rate,v1_0.make,v1_0.model,v1_0.registration_number,v1_0.seating_capacity,v1_0.status,v1_0.type,v1_0.year from vehicles v1_0 where v1_0.status=?
2025-12-15 12:57:03.601 [scheduling-1] INFO  c.example.VRS.service.LoggerService - INFO: Vehicle Statistics - Total: 34, Available: 27, Rented: 5
2025-12-15 12:57:03.601 [scheduling-1] INFO  c.example.VRS.service.LoggerService - INFO: System Health - Vehicle Availability Rate: 79.41%
2025-12-15 12:57:03.601 [scheduling-1] INFO  c.example.VRS.service.LoggerService - Operation 'Vehicle Status Monitoring' completed in 13 ms
2025-12-15 12:57:03.602 [scheduling-1] INFO  c.example.VRS.service.LoggerService - System Event - Event: MONITORING_TASK_COMPLETED, Details: Vehicle Status Monitoring
2025-12-15 12:57:06.623 [scheduling-1] INFO  c.e.VRS.service.ScheduledTaskService - Starting vehicle status monitoring task
2025-12-15 12:57:06.624 [scheduling-1] INFO  c.example.VRS.service.LoggerService - System Event - Event: MONITORING_TASK_STARTED, Details: Vehicle Status Monitoring
2025-12-15 12:57:06.625 [scheduling-1] DEBUG org.hibernate.SQL - select count(*) from vehicles v1_0
2025-12-15 12:57:06.628 [scheduling-1] DEBUG org.hibernate.SQL - select v1_0.id,v1_0.color,v1_0.daily_rate,v1_0.make,v1_0.model,v1_0.registration_number,v1_0.seating_capacity,v1_0.status,v1_0.type,v1_0.year from vehicles v1_0 where v1_0.status='AVAILABLE' order by v1_0.daily_rate
2025-12-15 12:57:06.636 [scheduling-1] DEBUG org.hibernate.SQL - select v1_0.id,v1_0.color,v1_0.daily_rate,v1_0.make,v1_0.model,v1_0.registration_number,v1_0.seating_capacity,v1_0.status,v1_0.type,v1_0.year from vehicles v1_0 where v1_0.status=?
2025-12-15 12:57:06.638 [scheduling-1] INFO  c.example.VRS.service.LoggerService - INFO: Vehicle Statistics - Total: 34, Available: 27, Rented: 5
2025-12-15 12:57:06.639 [scheduling-1] INFO  c.example.VRS.service.LoggerService - INFO: System Health - Vehicle Availability Rate: 79.41%
2025-12-15 12:57:06.639 [scheduling-1] INFO  c.example.VRS.service.LoggerService - Operation 'Vehicle Status Monitoring' completed in 16 ms
2025-12-15 12:57:06.639 [scheduling-1] INFO  c.example.VRS.service.LoggerService - System Event - Event: MONITORING_TASK_COMPLETED, Details: Vehicle Status Monitoring
2025-12-15 12:57:09.651 [scheduling-1] INFO  c.e.VRS.service.ScheduledTaskService - Starting vehicle status monitoring task
2025-12-15 12:57:09.651 [scheduling-1] INFO  c.example.VRS.service.LoggerService - System Event - Event: MONITORING_TASK_STARTED, Details: Vehicle Status Monitoring
2025-12-15 12:57:09.652 [scheduling-1] DEBUG org.hibernate.SQL - select count(*) from vehicles v1_0
2025-12-15 12:57:09.655 [scheduling-1] DEBUG org.hibernate.SQL - select v1_0.id,v1_0.color,v1_0.daily_rate,v1_0.make,v1_0.model,v1_0.registration_number,v1_0.seating_capacity,v1_0.status,v1_0.type,v1_0.year from vehicles v1_0 where v1_0.status='AVAILABLE' order by v1_0.daily_rate
2025-12-15 12:57:09.660 [scheduling-1] DEBUG org.hibernate.SQL - select v1_0.id,v1_0.color,v1_0.daily_rate,v1_0.make,v1_0.model,v1_0.registration_number,v1_0.seating_capacity,v1_0.status,v1_0.type,v1_0.year from vehicles v1_0 where v1_0.status=?
2025-12-15 12:57:09.662 [scheduling-1] INFO  c.example.VRS.service.LoggerService - INFO: Vehicle Statistics - Total: 34, Available: 27, Rented: 5
2025-12-15 12:57:09.663 [scheduling-1] INFO  c.example.VRS.service.LoggerService - INFO: System Health - Vehicle Availability Rate: 79.41%
2025-12-15 12:57:09.663 [scheduling-1] INFO  c.example.VRS.service.LoggerService - Operation 'Vehicle Status Monitoring' completed in 12 ms
2025-12-15 12:57:09.663 [scheduling-1] INFO  c.example.VRS.service.LoggerService - System Event - Event: MONITORING_TASK_COMPLETED, Details: Vehicle Status Monitoring
2025-12-15 12:57:12.679 [scheduling-1] INFO  c.e.VRS.service.ScheduledTaskService - Starting vehicle status monitoring task
2025-12-15 12:57:12.680 [scheduling-1] INFO  c.example.VRS.service.LoggerService - System Event - Event: MONITORING_TASK_STARTED, Details: Vehicle Status Monitoring
2025-12-15 12:57:12.680 [scheduling-1] DEBUG org.hibernate.SQL - select count(*) from vehicles v1_0
2025-12-15 12:57:12.683 [scheduling-1] DEBUG org.hibernate.SQL - select v1_0.id,v1_0.color,v1_0.daily_rate,v1_0.make,v1_0.model,v1_0.registration_number,v1_0.seating_capacity,v1_0.status,v1_0.type,v1_0.year from vehicles v1_0 where v1_0.status='AVAILABLE' order by v1_0.daily_rate
2025-12-15 12:57:12.689 [scheduling-1] DEBUG org.hibernate.SQL - select v1_0.id,v1_0.color,v1_0.daily_rate,v1_0.make,v1_0.model,v1_0.registration_number,v1_0.seating_capacity,v1_0.status,v1_0.type,v1_0.year from vehicles v1_0 where v1_0.status=?
2025-12-15 12:57:12.691 [scheduling-1] INFO  c.example.VRS.service.LoggerService - INFO: Vehicle Statistics - Total: 34, Available: 27, Rented: 5
2025-12-15 12:57:12.692 [scheduling-1] INFO  c.example.VRS.service.LoggerService - INFO: System Health - Vehicle Availability Rate: 79.41%
2025-12-15 12:57:12.692 [scheduling-1] INFO  c.example.VRS.service.LoggerService - Operation 'Vehicle Status Monitoring' completed in 13 ms
2025-12-15 12:57:12.692 [scheduling-1] INFO  c.example.VRS.service.LoggerService - System Event - Event: MONITORING_TASK_COMPLETED, Details: Vehicle Status Monitoring
2025-12-15 12:57:15.718 [scheduling-1] INFO  c.e.VRS.service.ScheduledTaskService - Starting vehicle status monitoring task
2025-12-15 12:57:15.718 [scheduling-1] INFO  c.example.VRS.service.LoggerService - System Event - Event: MONITORING_TASK_STARTED, Details: Vehicle Status Monitoring
2025-12-15 12:57:15.720 [scheduling-1] DEBUG org.hibernate.SQL - select count(*) from vehicles v1_0
2025-12-15 12:57:15.723 [scheduling-1] DEBUG org.hibernate.SQL - select v1_0.id,v1_0.color,v1_0.daily_rate,v1_0.make,v1_0.model,v1_0.registration_number,v1_0.seating_capacity,v1_0.status,v1_0.type,v1_0.year from vehicles v1_0 where v1_0.status='AVAILABLE' order by v1_0.daily_rate
2025-12-15 12:57:15.731 [scheduling-1] DEBUG org.hibernate.SQL - select v1_0.id,v1_0.color,v1_0.daily_rate,v1_0.make,v1_0.model,v1_0.registration_number,v1_0.seating_capacity,v1_0.status,v1_0.type,v1_0.year from vehicles v1_0 where v1_0.status=?
2025-12-15 12:57:15.735 [scheduling-1] INFO  c.example.VRS.service.LoggerService - INFO: Vehicle Statistics - Total: 34, Available: 27, Rented: 5
2025-12-15 12:57:15.736 [scheduling-1] INFO  c.example.VRS.service.LoggerService - INFO: System Health - Vehicle Availability Rate: 79.41%
2025-12-15 12:57:15.736 [scheduling-1] INFO  c.example.VRS.service.LoggerService - Operation 'Vehicle Status Monitoring' completed in 18 ms
2025-12-15 12:57:15.736 [scheduling-1] INFO  c.example.VRS.service.LoggerService - System Event - Event: MONITORING_TASK_COMPLETED, Details: Vehicle Status Monitoring
2025-12-15 12:57:18.750 [scheduling-1] INFO  c.e.VRS.service.ScheduledTaskService - Starting vehicle status monitoring task
2025-12-15 12:57:18.751 [scheduling-1] INFO  c.example.VRS.service.LoggerService - System Event - Event: MONITORING_TASK_STARTED, Details: Vehicle Status Monitoring
2025-12-15 12:57:18.752 [scheduling-1] DEBUG org.hibernate.SQL - select count(*) from vehicles v1_0
2025-12-15 12:57:18.754 [scheduling-1] DEBUG org.hibernate.SQL - select v1_0.id,v1_0.color,v1_0.daily_rate,v1_0.make,v1_0.model,v1_0.registration_number,v1_0.seating_capacity,v1_0.status,v1_0.type,v1_0.year from vehicles v1_0 where v1_0.status='AVAILABLE' order by v1_0.daily_rate
2025-12-15 12:57:18.759 [scheduling-1] DEBUG org.hibernate.SQL - select v1_0.id,v1_0.color,v1_0.daily_rate,v1_0.make,v1_0.model,v1_0.registration_number,v1_0.seating_capacity,v1_0.status,v1_0.type,v1_0.year from vehicles v1_0 where v1_0.status=?
2025-12-15 12:57:18.760 [scheduling-1] INFO  c.example.VRS.service.LoggerService - INFO: Vehicle Statistics - Total: 34, Available: 27, Rented: 5
2025-12-15 12:57:18.761 [scheduling-1] INFO  c.example.VRS.service.LoggerService - INFO: System Health - Vehicle Availability Rate: 79.41%
2025-12-15 12:57:18.761 [scheduling-1] INFO  c.example.VRS.service.LoggerService - Operation 'Vehicle Status Monitoring' completed in 11 ms
2025-12-15 12:57:18.761 [scheduling-1] INFO  c.example.VRS.service.LoggerService - System Event - Event: MONITORING_TASK_COMPLETED, Details: Vehicle Status Monitoring
2025-12-15 12:57:21.777 [scheduling-1] INFO  c.e.VRS.service.ScheduledTaskService - Starting vehicle status monitoring task
2025-12-15 12:57:21.778 [scheduling-1] INFO  c.example.VRS.service.LoggerService - System Event - Event: MONITORING_TASK_STARTED, Details: Vehicle Status Monitoring
2025-12-15 12:57:21.778 [scheduling-1] DEBUG org.hibernate.SQL - select count(*) from vehicles v1_0
2025-12-15 12:57:21.780 [scheduling-1] DEBUG org.hibernate.SQL - select v1_0.id,v1_0.color,v1_0.daily_rate,v1_0.make,v1_0.model,v1_0.registration_number,v1_0.seating_capacity,v1_0.status,v1_0.type,v1_0.year from vehicles v1_0 where v1_0.status='AVAILABLE' order by v1_0.daily_rate
2025-12-15 12:57:21.785 [scheduling-1] DEBUG org.hibernate.SQL - select v1_0.id,v1_0.color,v1_0.daily_rate,v1_0.make,v1_0.model,v1_0.registration_number,v1_0.seating_capacity,v1_0.status,v1_0.type,v1_0.year from vehicles v1_0 where v1_0.status=?
2025-12-15 12:57:21.788 [scheduling-1] INFO  c.example.VRS.service.LoggerService - INFO: Vehicle Statistics - Total: 34, Available: 27, Rented: 5
2025-12-15 12:57:21.788 [scheduling-1] INFO  c.example.VRS.service.LoggerService - INFO: System Health - Vehicle Availability Rate: 79.41%
2025-12-15 12:57:21.788 [scheduling-1] INFO  c.example.VRS.service.LoggerService - Operation 'Vehicle Status Monitoring' completed in 11 ms
2025-12-15 12:57:21.788 [scheduling-1] INFO  c.example.VRS.service.LoggerService - System Event - Event: MONITORING_TASK_COMPLETED, Details: Vehicle Status Monitoring
2025-12-15 12:57:24.805 [scheduling-1] INFO  c.e.VRS.service.ScheduledTaskService - Starting vehicle status monitoring task
2025-12-15 12:57:24.805 [scheduling-1] INFO  c.example.VRS.service.LoggerService - System Event - Event: MONITORING_TASK_STARTED, Details: Vehicle Status Monitoring
2025-12-15 12:57:24.806 [scheduling-1] DEBUG org.hibernate.SQL - select count(*) from vehicles v1_0
2025-12-15 12:57:24.808 [scheduling-1] DEBUG org.hibernate.SQL - select v1_0.id,v1_0.color,v1_0.daily_rate,v1_0.make,v1_0.model,v1_0.registration_number,v1_0.seating_capacity,v1_0.status,v1_0.type,v1_0.year from vehicles v1_0 where v1_0.status='AVAILABLE' order by v1_0.daily_rate
2025-12-15 12:57:24.813 [scheduling-1] DEBUG org.hibernate.SQL - select v1_0.id,v1_0.color,v1_0.daily_rate,v1_0.make,v1_0.model,v1_0.registration_number,v1_0.seating_capacity,v1_0.status,v1_0.type,v1_0.year from vehicles v1_0 where v1_0.status=?
2025-12-15 12:57:24.816 [scheduling-1] INFO  c.example.VRS.service.LoggerService - INFO: Vehicle Statistics - Total: 34, Available: 27, Rented: 5
2025-12-15 12:57:24.816 [scheduling-1] INFO  c.example.VRS.service.LoggerService - INFO: System Health - Vehicle Availability Rate: 79.41%
2025-12-15 12:57:24.816 [scheduling-1] INFO  c.example.VRS.service.LoggerService - Operation 'Vehicle Status Monitoring' completed in 11 ms
2025-12-15 12:57:24.816 [scheduling-1] INFO  c.example.VRS.service.LoggerService - System Event - Event: MONITORING_TASK_COMPLETED, Details: Vehicle Status Monitoring
2025-12-15 12:57:27.831 [scheduling-1] INFO  c.e.VRS.service.ScheduledTaskService - Starting vehicle status monitoring task
2025-12-15 12:57:27.831 [scheduling-1] INFO  c.example.VRS.service.LoggerService - System Event - Event: MONITORING_TASK_STARTED, Details: Vehicle Status Monitoring
2025-12-15 12:57:27.832 [scheduling-1] DEBUG org.hibernate.SQL - select count(*) from vehicles v1_0
2025-12-15 12:57:27.835 [scheduling-1] DEBUG org.hibernate.SQL - select v1_0.id,v1_0.color,v1_0.daily_rate,v1_0.make,v1_0.model,v1_0.registration_number,v1_0.seating_capacity,v1_0.status,v1_0.type,v1_0.year from vehicles v1_0 where v1_0.status='AVAILABLE' order by v1_0.daily_rate
2025-12-15 12:57:27.839 [scheduling-1] DEBUG org.hibernate.SQL - select v1_0.id,v1_0.color,v1_0.daily_rate,v1_0.make,v1_0.model,v1_0.registration_number,v1_0.seating_capacity,v1_0.status,v1_0.type,v1_0.year from vehicles v1_0 where v1_0.status=?
2025-12-15 12:57:27.843 [scheduling-1] INFO  c.example.VRS.service.LoggerService - INFO: Vehicle Statistics - Total: 34, Available: 27, Rented: 5
2025-12-15 12:57:27.844 [scheduling-1] INFO  c.example.VRS.service.LoggerService - INFO: System Health - Vehicle Availability Rate: 79.41%
2025-12-15 12:57:27.844 [scheduling-1] INFO  c.example.VRS.service.LoggerService - Operation 'Vehicle Status Monitoring' completed in 13 ms
2025-12-15 12:57:27.844 [scheduling-1] INFO  c.example.VRS.service.LoggerService - System Event - Event: MONITORING_TASK_COMPLETED, Details: Vehicle Status Monitoring
2025-12-15 12:57:30.862 [scheduling-1] INFO  c.e.VRS.service.ScheduledTaskService - Starting vehicle status monitoring task
2025-12-15 12:57:30.862 [scheduling-1] INFO  c.example.VRS.service.LoggerService - System Event - Event: MONITORING_TASK_STARTED, Details: Vehicle Status Monitoring
2025-12-15 12:57:30.862 [scheduling-1] DEBUG org.hibernate.SQL - select count(*) from vehicles v1_0
2025-12-15 12:57:30.865 [scheduling-1] DEBUG org.hibernate.SQL - select v1_0.id,v1_0.color,v1_0.daily_rate,v1_0.make,v1_0.model,v1_0.registration_number,v1_0.seating_capacity,v1_0.status,v1_0.type,v1_0.year from vehicles v1_0 where v1_0.status='AVAILABLE' order by v1_0.daily_rate
2025-12-15 12:57:30.872 [scheduling-1] DEBUG org.hibernate.SQL - select v1_0.id,v1_0.color,v1_0.daily_rate,v1_0.make,v1_0.model,v1_0.registration_number,v1_0.seating_capacity,v1_0.status,v1_0.type,v1_0.year from vehicles v1_0 where v1_0.status=?
2025-12-15 12:57:30.874 [scheduling-1] INFO  c.example.VRS.service.LoggerService - INFO: Vehicle Statistics - Total: 34, Available: 27, Rented: 5
2025-12-15 12:57:30.875 [scheduling-1] INFO  c.example.VRS.service.LoggerService - INFO: System Health - Vehicle Availability Rate: 79.41%
2025-12-15 12:57:30.875 [scheduling-1] INFO  c.example.VRS.service.LoggerService - Operation 'Vehicle Status Monitoring' completed in 14 ms
2025-12-15 12:57:30.875 [scheduling-1] INFO  c.example.VRS.service.LoggerService - System Event - Event: MONITORING_TASK_COMPLETED, Details: Vehicle Status Monitoring
2025-12-15 12:57:33.889 [scheduling-1] INFO  c.e.VRS.service.ScheduledTaskService - Starting vehicle status monitoring task
2025-12-15 12:57:33.889 [scheduling-1] INFO  c.example.VRS.service.LoggerService - System Event - Event: MONITORING_TASK_STARTED, Details: Vehicle Status Monitoring
2025-12-15 12:57:33.890 [scheduling-1] DEBUG org.hibernate.SQL - select count(*) from vehicles v1_0
2025-12-15 12:57:33.892 [scheduling-1] DEBUG org.hibernate.SQL - select v1_0.id,v1_0.color,v1_0.daily_rate,v1_0.make,v1_0.model,v1_0.registration_number,v1_0.seating_capacity,v1_0.status,v1_0.type,v1_0.year from vehicles v1_0 where v1_0.status='AVAILABLE' order by v1_0.daily_rate
2025-12-15 12:57:33.896 [scheduling-1] DEBUG org.hibernate.SQL - select v1_0.id,v1_0.color,v1_0.daily_rate,v1_0.make,v1_0.model,v1_0.registration_number,v1_0.seating_capacity,v1_0.status,v1_0.type,v1_0.year from vehicles v1_0 where v1_0.status=?
2025-12-15 12:57:33.899 [scheduling-1] INFO  c.example.VRS.service.LoggerService - INFO: Vehicle Statistics - Total: 34, Available: 27, Rented: 5
2025-12-15 12:57:33.899 [scheduling-1] INFO  c.example.VRS.service.LoggerService - INFO: System Health - Vehicle Availability Rate: 79.41%
2025-12-15 12:57:33.899 [scheduling-1] INFO  c.example.VRS.service.LoggerService - Operation 'Vehicle Status Monitoring' completed in 10 ms
2025-12-15 12:57:33.899 [scheduling-1] INFO  c.example.VRS.service.LoggerService - System Event - Event: MONITORING_TASK_COMPLETED, Details: Vehicle Status Monitoring
2025-12-15 12:57:36.911 [scheduling-1] INFO  c.e.VRS.service.ScheduledTaskService - Starting vehicle status monitoring task
2025-12-15 12:57:36.911 [scheduling-1] INFO  c.example.VRS.service.LoggerService - System Event - Event: MONITORING_TASK_STARTED, Details: Vehicle Status Monitoring
2025-12-15 12:57:36.912 [scheduling-1] DEBUG org.hibernate.SQL - select count(*) from vehicles v1_0
2025-12-15 12:57:36.916 [scheduling-1] DEBUG org.hibernate.SQL - select v1_0.id,v1_0.color,v1_0.daily_rate,v1_0.make,v1_0.model,v1_0.registration_number,v1_0.seating_capacity,v1_0.status,v1_0.type,v1_0.year from vehicles v1_0 where v1_0.status='AVAILABLE' order by v1_0.daily_rate
2025-12-15 12:57:36.922 [scheduling-1] DEBUG org.hibernate.SQL - select v1_0.id,v1_0.color,v1_0.daily_rate,v1_0.make,v1_0.model,v1_0.registration_number,v1_0.seating_capacity,v1_0.status,v1_0.type,v1_0.year from vehicles v1_0 where v1_0.status=?
2025-12-15 12:57:36.924 [scheduling-1] INFO  c.example.VRS.service.LoggerService - INFO: Vehicle Statistics - Total: 34, Available: 27, Rented: 5
2025-12-15 12:57:36.924 [scheduling-1] INFO  c.example.VRS.service.LoggerService - INFO: System Health - Vehicle Availability Rate: 79.41%
2025-12-15 12:57:36.924 [scheduling-1] INFO  c.example.VRS.service.LoggerService - Operation 'Vehicle Status Monitoring' completed in 13 ms
2025-12-15 12:57:36.924 [scheduling-1] INFO  c.example.VRS.service.LoggerService - System Event - Event: MONITORING_TASK_COMPLETED, Details: Vehicle Status Monitoring
2025-12-15 12:57:39.938 [scheduling-1] INFO  c.e.VRS.service.ScheduledTaskService - Starting vehicle status monitoring task
2025-12-15 12:57:39.938 [scheduling-1] INFO  c.example.VRS.service.LoggerService - System Event - Event: MONITORING_TASK_STARTED, Details: Vehicle Status Monitoring
2025-12-15 12:57:39.939 [scheduling-1] DEBUG org.hibernate.SQL - select count(*) from vehicles v1_0
2025-12-15 12:57:39.942 [scheduling-1] DEBUG org.hibernate.SQL - select v1_0.id,v1_0.color,v1_0.daily_rate,v1_0.make,v1_0.model,v1_0.registration_number,v1_0.seating_capacity,v1_0.status,v1_0.type,v1_0.year from vehicles v1_0 where v1_0.status='AVAILABLE' order by v1_0.daily_rate
2025-12-15 12:57:39.948 [scheduling-1] DEBUG org.hibernate.SQL - select v1_0.id,v1_0.color,v1_0.daily_rate,v1_0.make,v1_0.model,v1_0.registration_number,v1_0.seating_capacity,v1_0.status,v1_0.type,v1_0.year from vehicles v1_0 where v1_0.status=?
2025-12-15 12:57:39.951 [scheduling-1] INFO  c.example.VRS.service.LoggerService - INFO: Vehicle Statistics - Total: 34, Available: 27, Rented: 5
2025-12-15 12:57:39.952 [scheduling-1] INFO  c.example.VRS.service.LoggerService - INFO: System Health - Vehicle Availability Rate: 79.41%
2025-12-15 12:57:39.952 [scheduling-1] INFO  c.example.VRS.service.LoggerService - Operation 'Vehicle Status Monitoring' completed in 14 ms
2025-12-15 12:57:39.952 [scheduling-1] INFO  c.example.VRS.service.LoggerService - System Event - Event: MONITORING_TASK_COMPLETED, Details: Vehicle Status Monitoring
2025-12-15 12:57:42.966 [scheduling-1] INFO  c.e.VRS.service.ScheduledTaskService - Starting vehicle status monitoring task
2025-12-15 12:57:42.967 [scheduling-1] INFO  c.example.VRS.service.LoggerService - System Event - Event: MONITORING_TASK_STARTED, Details: Vehicle Status Monitoring
2025-12-15 12:57:42.967 [scheduling-1] DEBUG org.hibernate.SQL - select count(*) from vehicles v1_0
2025-12-15 12:57:42.973 [scheduling-1] DEBUG org.hibernate.SQL - select v1_0.id,v1_0.color,v1_0.daily_rate,v1_0.make,v1_0.model,v1_0.registration_number,v1_0.seating_capacity,v1_0.status,v1_0.type,v1_0.year from vehicles v1_0 where v1_0.status='AVAILABLE' order by v1_0.daily_rate
2025-12-15 12:57:42.979 [scheduling-1] DEBUG org.hibernate.SQL - select v1_0.id,v1_0.color,v1_0.daily_rate,v1_0.make,v1_0.model,v1_0.registration_number,v1_0.seating_capacity,v1_0.status,v1_0.type,v1_0.year from vehicles v1_0 where v1_0.status=?
2025-12-15 12:57:42.982 [scheduling-1] INFO  c.example.VRS.service.LoggerService - INFO: Vehicle Statistics - Total: 34, Available: 27, Rented: 5
2025-12-15 12:57:42.982 [scheduling-1] INFO  c.example.VRS.service.LoggerService - INFO: System Health - Vehicle Availability Rate: 79.41%
2025-12-15 12:57:42.982 [scheduling-1] INFO  c.example.VRS.service.LoggerService - Operation 'Vehicle Status Monitoring' completed in 16 ms
2025-12-15 12:57:42.982 [scheduling-1] INFO  c.example.VRS.service.LoggerService - System Event - Event: MONITORING_TASK_COMPLETED, Details: Vehicle Status Monitoring
2025-12-15 12:57:46.002 [scheduling-1] INFO  c.e.VRS.service.ScheduledTaskService - Starting vehicle status monitoring task
2025-12-15 12:57:46.002 [scheduling-1] INFO  c.example.VRS.service.LoggerService - System Event - Event: MONITORING_TASK_STARTED, Details: Vehicle Status Monitoring
2025-12-15 12:57:46.002 [scheduling-1] DEBUG org.hibernate.SQL - select count(*) from vehicles v1_0
2025-12-15 12:57:46.002 [scheduling-1] DEBUG org.hibernate.SQL - select v1_0.id,v1_0.color,v1_0.daily_rate,v1_0.make,v1_0.model,v1_0.registration_number,v1_0.seating_capacity,v1_0.status,v1_0.type,v1_0.year from vehicles v1_0 where v1_0.status='AVAILABLE' order by v1_0.daily_rate
2025-12-15 12:57:46.018 [scheduling-1] DEBUG org.hibernate.SQL - select v1_0.id,v1_0.color,v1_0.daily_rate,v1_0.make,v1_0.model,v1_0.registration_number,v1_0.seating_capacity,v1_0.status,v1_0.type,v1_0.year from vehicles v1_0 where v1_0.status=?
2025-12-15 12:57:46.022 [scheduling-1] INFO  c.example.VRS.service.LoggerService - INFO: Vehicle Statistics - Total: 34, Available: 27, Rented: 5
2025-12-15 12:57:46.022 [scheduling-1] INFO  c.example.VRS.service.LoggerService - INFO: System Health - Vehicle Availability Rate: 79.41%
2025-12-15 12:57:46.023 [scheduling-1] INFO  c.example.VRS.service.LoggerService - Operation 'Vehicle Status Monitoring' completed in 21 ms
2025-12-15 12:57:46.023 [scheduling-1] INFO  c.example.VRS.service.LoggerService - System Event - Event: MONITORING_TASK_COMPLETED, Details: Vehicle Status Monitoring
2025-12-15 12:57:49.040 [scheduling-1] INFO  c.e.VRS.service.ScheduledTaskService - Starting vehicle status monitoring task
2025-12-15 12:57:49.041 [scheduling-1] INFO  c.example.VRS.service.LoggerService - System Event - Event: MONITORING_TASK_STARTED, Details: Vehicle Status Monitoring
2025-12-15 12:57:49.042 [scheduling-1] DEBUG org.hibernate.SQL - select count(*) from vehicles v1_0
2025-12-15 12:57:49.045 [scheduling-1] DEBUG org.hibernate.SQL - select v1_0.id,v1_0.color,v1_0.daily_rate,v1_0.make,v1_0.model,v1_0.registration_number,v1_0.seating_capacity,v1_0.status,v1_0.type,v1_0.year from vehicles v1_0 where v1_0.status='AVAILABLE' order by v1_0.daily_rate
2025-12-15 12:57:49.052 [scheduling-1] DEBUG org.hibernate.SQL - select v1_0.id,v1_0.color,v1_0.daily_rate,v1_0.make,v1_0.model,v1_0.registration_number,v1_0.seating_capacity,v1_0.status,v1_0.type,v1_0.year from vehicles v1_0 where v1_0.status=?
2025-12-15 12:57:49.056 [scheduling-1] INFO  c.example.VRS.service.LoggerService - INFO: Vehicle Statistics - Total: 34, Available: 27, Rented: 5
2025-12-15 12:57:49.057 [scheduling-1] INFO  c.example.VRS.service.LoggerService - INFO: System Health - Vehicle Availability Rate: 79.41%
2025-12-15 12:57:49.057 [scheduling-1] INFO  c.example.VRS.service.LoggerService - Operation 'Vehicle Status Monitoring' completed in 17 ms
2025-12-15 12:57:49.057 [scheduling-1] INFO  c.example.VRS.service.LoggerService - System Event - Event: MONITORING_TASK_COMPLETED, Details: Vehicle Status Monitoring
2025-12-15 12:57:52.078 [scheduling-1] INFO  c.e.VRS.service.ScheduledTaskService - Starting vehicle status monitoring task
2025-12-15 12:57:52.078 [scheduling-1] INFO  c.example.VRS.service.LoggerService - System Event - Event: MONITORING_TASK_STARTED, Details: Vehicle Status Monitoring
2025-12-15 12:57:52.079 [scheduling-1] DEBUG org.hibernate.SQL - select count(*) from vehicles v1_0
2025-12-15 12:57:52.083 [scheduling-1] DEBUG org.hibernate.SQL - select v1_0.id,v1_0.color,v1_0.daily_rate,v1_0.make,v1_0.model,v1_0.registration_number,v1_0.seating_capacity,v1_0.status,v1_0.type,v1_0.year from vehicles v1_0 where v1_0.status='AVAILABLE' order by v1_0.daily_rate
2025-12-15 12:57:52.092 [scheduling-1] DEBUG org.hibernate.SQL - select v1_0.id,v1_0.color,v1_0.daily_rate,v1_0.make,v1_0.model,v1_0.registration_number,v1_0.seating_capacity,v1_0.status,v1_0.type,v1_0.year from vehicles v1_0 where v1_0.status=?
2025-12-15 12:57:52.095 [scheduling-1] INFO  c.example.VRS.service.LoggerService - INFO: Vehicle Statistics - Total: 34, Available: 27, Rented: 5
2025-12-15 12:57:52.095 [scheduling-1] INFO  c.example.VRS.service.LoggerService - INFO: System Health - Vehicle Availability Rate: 79.41%
2025-12-15 12:57:52.095 [scheduling-1] INFO  c.example.VRS.service.LoggerService - Operation 'Vehicle Status Monitoring' completed in 17 ms
2025-12-15 12:57:52.095 [scheduling-1] INFO  c.example.VRS.service.LoggerService - System Event - Event: MONITORING_TASK_COMPLETED, Details: Vehicle Status Monitoring
2025-12-15 12:57:55.121 [scheduling-1] INFO  c.e.VRS.service.ScheduledTaskService - Starting vehicle status monitoring task
2025-12-15 12:57:55.121 [scheduling-1] INFO  c.example.VRS.service.LoggerService - System Event - Event: MONITORING_TASK_STARTED, Details: Vehicle Status Monitoring
2025-12-15 12:57:55.121 [scheduling-1] DEBUG org.hibernate.SQL - select count(*) from vehicles v1_0
2025-12-15 12:57:55.126 [scheduling-1] DEBUG org.hibernate.SQL - select v1_0.id,v1_0.color,v1_0.daily_rate,v1_0.make,v1_0.model,v1_0.registration_number,v1_0.seating_capacity,v1_0.status,v1_0.type,v1_0.year from vehicles v1_0 where v1_0.status='AVAILABLE' order by v1_0.daily_rate
2025-12-15 12:57:55.133 [scheduling-1] DEBUG org.hibernate.SQL - select v1_0.id,v1_0.color,v1_0.daily_rate,v1_0.make,v1_0.model,v1_0.registration_number,v1_0.seating_capacity,v1_0.status,v1_0.type,v1_0.year from vehicles v1_0 where v1_0.status=?
2025-12-15 12:57:55.136 [scheduling-1] INFO  c.example.VRS.service.LoggerService - INFO: Vehicle Statistics - Total: 34, Available: 27, Rented: 5
2025-12-15 12:57:55.136 [scheduling-1] INFO  c.example.VRS.service.LoggerService - INFO: System Health - Vehicle Availability Rate: 79.41%
2025-12-15 12:57:55.136 [scheduling-1] INFO  c.example.VRS.service.LoggerService - Operation 'Vehicle Status Monitoring' completed in 15 ms
2025-12-15 12:57:55.136 [scheduling-1] INFO  c.example.VRS.service.LoggerService - System Event - Event: MONITORING_TASK_COMPLETED, Details: Vehicle Status Monitoring
2025-12-15 12:57:58.154 [scheduling-1] INFO  c.e.VRS.service.ScheduledTaskService - Starting vehicle status monitoring task
2025-12-15 12:57:58.155 [scheduling-1] INFO  c.example.VRS.service.LoggerService - System Event - Event: MONITORING_TASK_STARTED, Details: Vehicle Status Monitoring
2025-12-15 12:57:58.156 [scheduling-1] DEBUG org.hibernate.SQL - select count(*) from vehicles v1_0
2025-12-15 12:57:58.158 [scheduling-1] DEBUG org.hibernate.SQL - select v1_0.id,v1_0.color,v1_0.daily_rate,v1_0.make,v1_0.model,v1_0.registration_number,v1_0.seating_capacity,v1_0.status,v1_0.type,v1_0.year from vehicles v1_0 where v1_0.status='AVAILABLE' order by v1_0.daily_rate
2025-12-15 12:57:58.164 [scheduling-1] DEBUG org.hibernate.SQL - select v1_0.id,v1_0.color,v1_0.daily_rate,v1_0.make,v1_0.model,v1_0.registration_number,v1_0.seating_capacity,v1_0.status,v1_0.type,v1_0.year from vehicles v1_0 where v1_0.status=?
2025-12-15 12:57:58.166 [scheduling-1] INFO  c.example.VRS.service.LoggerService - INFO: Vehicle Statistics - Total: 34, Available: 27, Rented: 5
2025-12-15 12:57:58.167 [scheduling-1] INFO  c.example.VRS.service.LoggerService - INFO: System Health - Vehicle Availability Rate: 79.41%
2025-12-15 12:57:58.167 [scheduling-1] INFO  c.example.VRS.service.LoggerService - Operation 'Vehicle Status Monitoring' completed in 13 ms
2025-12-15 12:57:58.167 [scheduling-1] INFO  c.example.VRS.service.LoggerService - System Event - Event: MONITORING_TASK_COMPLETED, Details: Vehicle Status Monitoring
2025-12-15 12:58:01.181 [scheduling-1] INFO  c.e.VRS.service.ScheduledTaskService - Starting vehicle status monitoring task
2025-12-15 12:58:01.181 [scheduling-1] INFO  c.example.VRS.service.LoggerService - System Event - Event: MONITORING_TASK_STARTED, Details: Vehicle Status Monitoring
2025-12-15 12:58:01.182 [scheduling-1] DEBUG org.hibernate.SQL - select count(*) from vehicles v1_0
2025-12-15 12:58:01.186 [scheduling-1] DEBUG org.hibernate.SQL - select v1_0.id,v1_0.color,v1_0.daily_rate,v1_0.make,v1_0.model,v1_0.registration_number,v1_0.seating_capacity,v1_0.status,v1_0.type,v1_0.year from vehicles v1_0 where v1_0.status='AVAILABLE' order by v1_0.daily_rate
2025-12-15 12:58:01.191 [scheduling-1] DEBUG org.hibernate.SQL - select v1_0.id,v1_0.color,v1_0.daily_rate,v1_0.make,v1_0.model,v1_0.registration_number,v1_0.seating_capacity,v1_0.status,v1_0.type,v1_0.year from vehicles v1_0 where v1_0.status=?
2025-12-15 12:58:01.193 [scheduling-1] INFO  c.example.VRS.service.LoggerService - INFO: Vehicle Statistics - Total: 34, Available: 27, Rented: 5
2025-12-15 12:58:01.193 [scheduling-1] INFO  c.example.VRS.service.LoggerService - INFO: System Health - Vehicle Availability Rate: 79.41%
2025-12-15 12:58:01.193 [scheduling-1] INFO  c.example.VRS.service.LoggerService - Operation 'Vehicle Status Monitoring' completed in 12 ms
2025-12-15 12:58:01.194 [scheduling-1] INFO  c.example.VRS.service.LoggerService - System Event - Event: MONITORING_TASK_COMPLETED, Details: Vehicle Status Monitoring
2025-12-15 12:58:04.222 [scheduling-1] INFO  c.e.VRS.service.ScheduledTaskService - Starting vehicle status monitoring task
2025-12-15 12:58:04.222 [scheduling-1] INFO  c.example.VRS.service.LoggerService - System Event - Event: MONITORING_TASK_STARTED, Details: Vehicle Status Monitoring
2025-12-15 12:58:04.223 [scheduling-1] DEBUG org.hibernate.SQL - select count(*) from vehicles v1_0
2025-12-15 12:58:04.226 [scheduling-1] DEBUG org.hibernate.SQL - select v1_0.id,v1_0.color,v1_0.daily_rate,v1_0.make,v1_0.model,v1_0.registration_number,v1_0.seating_capacity,v1_0.status,v1_0.type,v1_0.year from vehicles v1_0 where v1_0.status='AVAILABLE' order by v1_0.daily_rate
2025-12-15 12:58:04.233 [scheduling-1] DEBUG org.hibernate.SQL - select v1_0.id,v1_0.color,v1_0.daily_rate,v1_0.make,v1_0.model,v1_0.registration_number,v1_0.seating_capacity,v1_0.status,v1_0.type,v1_0.year from vehicles v1_0 where v1_0.status=?
2025-12-15 12:58:04.237 [scheduling-1] INFO  c.example.VRS.service.LoggerService - INFO: Vehicle Statistics - Total: 34, Available: 27, Rented: 5
2025-12-15 12:58:04.237 [scheduling-1] INFO  c.example.VRS.service.LoggerService - INFO: System Health - Vehicle Availability Rate: 79.41%
2025-12-15 12:58:04.237 [scheduling-1] INFO  c.example.VRS.service.LoggerService - Operation 'Vehicle Status Monitoring' completed in 15 ms
2025-12-15 12:58:04.237 [scheduling-1] INFO  c.example.VRS.service.LoggerService - System Event - Event: MONITORING_TASK_COMPLETED, Details: Vehicle Status Monitoring
2025-12-15 12:58:07.260 [scheduling-1] INFO  c.e.VRS.service.ScheduledTaskService - Starting vehicle status monitoring task
2025-12-15 12:58:07.260 [scheduling-1] INFO  c.example.VRS.service.LoggerService - System Event - Event: MONITORING_TASK_STARTED, Details: Vehicle Status Monitoring
2025-12-15 12:58:07.261 [scheduling-1] DEBUG org.hibernate.SQL - select count(*) from vehicles v1_0
2025-12-15 12:58:07.264 [scheduling-1] DEBUG org.hibernate.SQL - select v1_0.id,v1_0.color,v1_0.daily_rate,v1_0.make,v1_0.model,v1_0.registration_number,v1_0.seating_capacity,v1_0.status,v1_0.type,v1_0.year from vehicles v1_0 where v1_0.status='AVAILABLE' order by v1_0.daily_rate
2025-12-15 12:58:07.271 [scheduling-1] DEBUG org.hibernate.SQL - select v1_0.id,v1_0.color,v1_0.daily_rate,v1_0.make,v1_0.model,v1_0.registration_number,v1_0.seating_capacity,v1_0.status,v1_0.type,v1_0.year from vehicles v1_0 where v1_0.status=?
2025-12-15 12:58:07.274 [scheduling-1] INFO  c.example.VRS.service.LoggerService - INFO: Vehicle Statistics - Total: 34, Available: 27, Rented: 5
2025-12-15 12:58:07.274 [scheduling-1] INFO  c.example.VRS.service.LoggerService - INFO: System Health - Vehicle Availability Rate: 79.41%
2025-12-15 12:58:07.274 [scheduling-1] INFO  c.example.VRS.service.LoggerService - Operation 'Vehicle Status Monitoring' completed in 14 ms
2025-12-15 12:58:07.274 [scheduling-1] INFO  c.example.VRS.service.LoggerService - System Event - Event: MONITORING_TASK_COMPLETED, Details: Vehicle Status Monitoring
2025-12-15 12:58:10.291 [scheduling-1] INFO  c.e.VRS.service.ScheduledTaskService - Starting vehicle status monitoring task
2025-12-15 12:58:10.291 [scheduling-1] INFO  c.example.VRS.service.LoggerService - System Event - Event: MONITORING_TASK_STARTED, Details: Vehicle Status Monitoring
2025-12-15 12:58:10.293 [scheduling-1] DEBUG org.hibernate.SQL - select count(*) from vehicles v1_0
2025-12-15 12:58:10.295 [scheduling-1] DEBUG org.hibernate.SQL - select v1_0.id,v1_0.color,v1_0.daily_rate,v1_0.make,v1_0.model,v1_0.registration_number,v1_0.seating_capacity,v1_0.status,v1_0.type,v1_0.year from vehicles v1_0 where v1_0.status='AVAILABLE' order by v1_0.daily_rate
2025-12-15 12:58:10.301 [scheduling-1] DEBUG org.hibernate.SQL - select v1_0.id,v1_0.color,v1_0.daily_rate,v1_0.make,v1_0.model,v1_0.registration_number,v1_0.seating_capacity,v1_0.status,v1_0.type,v1_0.year from vehicles v1_0 where v1_0.status=?
2025-12-15 12:58:10.304 [scheduling-1] INFO  c.example.VRS.service.LoggerService - INFO: Vehicle Statistics - Total: 34, Available: 27, Rented: 5
2025-12-15 12:58:10.305 [scheduling-1] INFO  c.example.VRS.service.LoggerService - INFO: System Health - Vehicle Availability Rate: 79.41%
2025-12-15 12:58:10.305 [scheduling-1] INFO  c.example.VRS.service.LoggerService - Operation 'Vehicle Status Monitoring' completed in 14 ms
2025-12-15 12:58:10.305 [scheduling-1] INFO  c.example.VRS.service.LoggerService - System Event - Event: MONITORING_TASK_COMPLETED, Details: Vehicle Status Monitoring
2025-12-15 12:58:13.326 [scheduling-1] INFO  c.e.VRS.service.ScheduledTaskService - Starting vehicle status monitoring task
2025-12-15 12:58:13.326 [scheduling-1] INFO  c.example.VRS.service.LoggerService - System Event - Event: MONITORING_TASK_STARTED, Details: Vehicle Status Monitoring
2025-12-15 12:58:13.327 [scheduling-1] DEBUG org.hibernate.SQL - select count(*) from vehicles v1_0
2025-12-15 12:58:13.330 [scheduling-1] DEBUG org.hibernate.SQL - select v1_0.id,v1_0.color,v1_0.daily_rate,v1_0.make,v1_0.model,v1_0.registration_number,v1_0.seating_capacity,v1_0.status,v1_0.type,v1_0.year from vehicles v1_0 where v1_0.status='AVAILABLE' order by v1_0.daily_rate
2025-12-15 12:58:13.338 [scheduling-1] DEBUG org.hibernate.SQL - select v1_0.id,v1_0.color,v1_0.daily_rate,v1_0.make,v1_0.model,v1_0.registration_number,v1_0.seating_capacity,v1_0.status,v1_0.type,v1_0.year from vehicles v1_0 where v1_0.status=?
2025-12-15 12:58:13.340 [scheduling-1] INFO  c.example.VRS.service.LoggerService - INFO: Vehicle Statistics - Total: 34, Available: 27, Rented: 5
2025-12-15 12:58:13.341 [scheduling-1] INFO  c.example.VRS.service.LoggerService - INFO: System Health - Vehicle Availability Rate: 79.41%
2025-12-15 12:58:13.341 [scheduling-1] INFO  c.example.VRS.service.LoggerService - Operation 'Vehicle Status Monitoring' completed in 15 ms
2025-12-15 12:58:13.341 [scheduling-1] INFO  c.example.VRS.service.LoggerService - System Event - Event: MONITORING_TASK_COMPLETED, Details: Vehicle Status Monitoring
2025-12-15 12:58:16.352 [scheduling-1] INFO  c.e.VRS.service.ScheduledTaskService - Starting vehicle status monitoring task
2025-12-15 12:58:16.352 [scheduling-1] INFO  c.example.VRS.service.LoggerService - System Event - Event: MONITORING_TASK_STARTED, Details: Vehicle Status Monitoring
2025-12-15 12:58:16.352 [scheduling-1] DEBUG org.hibernate.SQL - select count(*) from vehicles v1_0
2025-12-15 12:58:16.362 [scheduling-1] DEBUG org.hibernate.SQL - select v1_0.id,v1_0.color,v1_0.daily_rate,v1_0.make,v1_0.model,v1_0.registration_number,v1_0.seating_capacity,v1_0.status,v1_0.type,v1_0.year from vehicles v1_0 where v1_0.status='AVAILABLE' order by v1_0.daily_rate
2025-12-15 12:58:16.367 [scheduling-1] DEBUG org.hibernate.SQL - select v1_0.id,v1_0.color,v1_0.daily_rate,v1_0.make,v1_0.model,v1_0.registration_number,v1_0.seating_capacity,v1_0.status,v1_0.type,v1_0.year from vehicles v1_0 where v1_0.status=?
2025-12-15 12:58:16.369 [scheduling-1] INFO  c.example.VRS.service.LoggerService - INFO: Vehicle Statistics - Total: 34, Available: 27, Rented: 5
2025-12-15 12:58:16.369 [scheduling-1] INFO  c.example.VRS.service.LoggerService - INFO: System Health - Vehicle Availability Rate: 79.41%
2025-12-15 12:58:16.369 [scheduling-1] INFO  c.example.VRS.service.LoggerService - Operation 'Vehicle Status Monitoring' completed in 17 ms
2025-12-15 12:58:16.369 [scheduling-1] INFO  c.example.VRS.service.LoggerService - System Event - Event: MONITORING_TASK_COMPLETED, Details: Vehicle Status Monitoring
2025-12-15 12:58:19.384 [scheduling-1] INFO  c.e.VRS.service.ScheduledTaskService - Starting vehicle status monitoring task
2025-12-15 12:58:19.386 [scheduling-1] INFO  c.example.VRS.service.LoggerService - System Event - Event: MONITORING_TASK_STARTED, Details: Vehicle Status Monitoring
2025-12-15 12:58:19.386 [scheduling-1] DEBUG org.hibernate.SQL - select count(*) from vehicles v1_0
2025-12-15 12:58:19.388 [scheduling-1] DEBUG org.hibernate.SQL - select v1_0.id,v1_0.color,v1_0.daily_rate,v1_0.make,v1_0.model,v1_0.registration_number,v1_0.seating_capacity,v1_0.status,v1_0.type,v1_0.year from vehicles v1_0 where v1_0.status='AVAILABLE' order by v1_0.daily_rate
2025-12-15 12:58:19.397 [scheduling-1] DEBUG org.hibernate.SQL - select v1_0.id,v1_0.color,v1_0.daily_rate,v1_0.make,v1_0.model,v1_0.registration_number,v1_0.seating_capacity,v1_0.status,v1_0.type,v1_0.year from vehicles v1_0 where v1_0.status=?
2025-12-15 12:58:19.401 [scheduling-1] INFO  c.example.VRS.service.LoggerService - INFO: Vehicle Statistics - Total: 34, Available: 27, Rented: 5
2025-12-15 12:58:19.402 [scheduling-1] INFO  c.example.VRS.service.LoggerService - INFO: System Health - Vehicle Availability Rate: 79.41%
2025-12-15 12:58:19.402 [scheduling-1] INFO  c.example.VRS.service.LoggerService - Operation 'Vehicle Status Monitoring' completed in 18 ms
2025-12-15 12:58:19.402 [scheduling-1] INFO  c.example.VRS.service.LoggerService - System Event - Event: MONITORING_TASK_COMPLETED, Details: Vehicle Status Monitoring
2025-12-15 12:58:22.419 [scheduling-1] INFO  c.e.VRS.service.ScheduledTaskService - Starting vehicle status monitoring task
2025-12-15 12:58:22.419 [scheduling-1] INFO  c.example.VRS.service.LoggerService - System Event - Event: MONITORING_TASK_STARTED, Details: Vehicle Status Monitoring
2025-12-15 12:58:22.421 [scheduling-1] DEBUG org.hibernate.SQL - select count(*) from vehicles v1_0
2025-12-15 12:58:22.424 [scheduling-1] DEBUG org.hibernate.SQL - select v1_0.id,v1_0.color,v1_0.daily_rate,v1_0.make,v1_0.model,v1_0.registration_number,v1_0.seating_capacity,v1_0.status,v1_0.type,v1_0.year from vehicles v1_0 where v1_0.status='AVAILABLE' order by v1_0.daily_rate
2025-12-15 12:58:22.432 [scheduling-1] DEBUG org.hibernate.SQL - select v1_0.id,v1_0.color,v1_0.daily_rate,v1_0.make,v1_0.model,v1_0.registration_number,v1_0.seating_capacity,v1_0.status,v1_0.type,v1_0.year from vehicles v1_0 where v1_0.status=?
2025-12-15 12:58:22.434 [scheduling-1] INFO  c.example.VRS.service.LoggerService - INFO: Vehicle Statistics - Total: 34, Available: 27, Rented: 5
2025-12-15 12:58:22.435 [scheduling-1] INFO  c.example.VRS.service.LoggerService - INFO: System Health - Vehicle Availability Rate: 79.41%
2025-12-15 12:58:22.435 [scheduling-1] INFO  c.example.VRS.service.LoggerService - Operation 'Vehicle Status Monitoring' completed in 16 ms
2025-12-15 12:58:22.435 [scheduling-1] INFO  c.example.VRS.service.LoggerService - System Event - Event: MONITORING_TASK_COMPLETED, Details: Vehicle Status Monitoring
2025-12-15 12:58:25.451 [scheduling-1] INFO  c.e.VRS.service.ScheduledTaskService - Starting vehicle status monitoring task
2025-12-15 12:58:25.451 [scheduling-1] INFO  c.example.VRS.service.LoggerService - System Event - Event: MONITORING_TASK_STARTED, Details: Vehicle Status Monitoring
2025-12-15 12:58:25.451 [scheduling-1] DEBUG org.hibernate.SQL - select count(*) from vehicles v1_0
2025-12-15 12:58:25.455 [scheduling-1] DEBUG org.hibernate.SQL - select v1_0.id,v1_0.color,v1_0.daily_rate,v1_0.make,v1_0.model,v1_0.registration_number,v1_0.seating_capacity,v1_0.status,v1_0.type,v1_0.year from vehicles v1_0 where v1_0.status='AVAILABLE' order by v1_0.daily_rate
2025-12-15 12:58:25.462 [scheduling-1] DEBUG org.hibernate.SQL - select v1_0.id,v1_0.color,v1_0.daily_rate,v1_0.make,v1_0.model,v1_0.registration_number,v1_0.seating_capacity,v1_0.status,v1_0.type,v1_0.year from vehicles v1_0 where v1_0.status=?
2025-12-15 12:58:25.463 [scheduling-1] INFO  c.example.VRS.service.LoggerService - INFO: Vehicle Statistics - Total: 34, Available: 27, Rented: 5
2025-12-15 12:58:25.464 [scheduling-1] INFO  c.example.VRS.service.LoggerService - INFO: System Health - Vehicle Availability Rate: 79.41%
2025-12-15 12:58:25.464 [scheduling-1] INFO  c.example.VRS.service.LoggerService - Operation 'Vehicle Status Monitoring' completed in 13 ms
2025-12-15 12:58:25.464 [scheduling-1] INFO  c.example.VRS.service.LoggerService - System Event - Event: MONITORING_TASK_COMPLETED, Details: Vehicle Status Monitoring
2025-12-15 12:58:28.489 [scheduling-1] INFO  c.e.VRS.service.ScheduledTaskService - Starting vehicle status monitoring task
2025-12-15 12:58:28.489 [scheduling-1] INFO  c.example.VRS.service.LoggerService - System Event - Event: MONITORING_TASK_STARTED, Details: Vehicle Status Monitoring
2025-12-15 12:58:28.490 [scheduling-1] DEBUG org.hibernate.SQL - select count(*) from vehicles v1_0
2025-12-15 12:58:28.493 [scheduling-1] DEBUG org.hibernate.SQL - select v1_0.id,v1_0.color,v1_0.daily_rate,v1_0.make,v1_0.model,v1_0.registration_number,v1_0.seating_capacity,v1_0.status,v1_0.type,v1_0.year from vehicles v1_0 where v1_0.status='AVAILABLE' order by v1_0.daily_rate
2025-12-15 12:58:28.500 [scheduling-1] DEBUG org.hibernate.SQL - select v1_0.id,v1_0.color,v1_0.daily_rate,v1_0.make,v1_0.model,v1_0.registration_number,v1_0.seating_capacity,v1_0.status,v1_0.type,v1_0.year from vehicles v1_0 where v1_0.status=?
2025-12-15 12:58:28.505 [scheduling-1] INFO  c.example.VRS.service.LoggerService - INFO: Vehicle Statistics - Total: 34, Available: 27, Rented: 5
2025-12-15 12:58:28.505 [scheduling-1] INFO  c.example.VRS.service.LoggerService - INFO: System Health - Vehicle Availability Rate: 79.41%
2025-12-15 12:58:28.505 [scheduling-1] INFO  c.example.VRS.service.LoggerService - Operation 'Vehicle Status Monitoring' completed in 16 ms
2025-12-15 12:58:28.506 [scheduling-1] INFO  c.example.VRS.service.LoggerService - System Event - Event: MONITORING_TASK_COMPLETED, Details: Vehicle Status Monitoring
2025-12-15 12:58:31.527 [scheduling-1] INFO  c.e.VRS.service.ScheduledTaskService - Starting vehicle status monitoring task
2025-12-15 12:58:31.528 [scheduling-1] INFO  c.example.VRS.service.LoggerService - System Event - Event: MONITORING_TASK_STARTED, Details: Vehicle Status Monitoring
2025-12-15 12:58:31.528 [scheduling-1] DEBUG org.hibernate.SQL - select count(*) from vehicles v1_0
2025-12-15 12:58:31.532 [scheduling-1] DEBUG org.hibernate.SQL - select v1_0.id,v1_0.color,v1_0.daily_rate,v1_0.make,v1_0.model,v1_0.registration_number,v1_0.seating_capacity,v1_0.status,v1_0.type,v1_0.year from vehicles v1_0 where v1_0.status='AVAILABLE' order by v1_0.daily_rate
2025-12-15 12:58:31.541 [scheduling-1] DEBUG org.hibernate.SQL - select v1_0.id,v1_0.color,v1_0.daily_rate,v1_0.make,v1_0.model,v1_0.registration_number,v1_0.seating_capacity,v1_0.status,v1_0.type,v1_0.year from vehicles v1_0 where v1_0.status=?
2025-12-15 12:58:31.543 [scheduling-1] INFO  c.example.VRS.service.LoggerService - INFO: Vehicle Statistics - Total: 34, Available: 27, Rented: 5
2025-12-15 12:58:31.544 [scheduling-1] INFO  c.example.VRS.service.LoggerService - INFO: System Health - Vehicle Availability Rate: 79.41%
2025-12-15 12:58:31.544 [scheduling-1] INFO  c.example.VRS.service.LoggerService - Operation 'Vehicle Status Monitoring' completed in 17 ms
2025-12-15 12:58:31.544 [scheduling-1] INFO  c.example.VRS.service.LoggerService - System Event - Event: MONITORING_TASK_COMPLETED, Details: Vehicle Status Monitoring
2025-12-15 12:58:34.572 [scheduling-1] INFO  c.e.VRS.service.ScheduledTaskService - Starting vehicle status monitoring task
2025-12-15 12:58:34.573 [scheduling-1] INFO  c.example.VRS.service.LoggerService - System Event - Event: MONITORING_TASK_STARTED, Details: Vehicle Status Monitoring
2025-12-15 12:58:34.574 [scheduling-1] DEBUG org.hibernate.SQL - select count(*) from vehicles v1_0
2025-12-15 12:58:34.577 [scheduling-1] DEBUG org.hibernate.SQL - select v1_0.id,v1_0.color,v1_0.daily_rate,v1_0.make,v1_0.model,v1_0.registration_number,v1_0.seating_capacity,v1_0.status,v1_0.type,v1_0.year from vehicles v1_0 where v1_0.status='AVAILABLE' order by v1_0.daily_rate
2025-12-15 12:58:34.584 [scheduling-1] DEBUG org.hibernate.SQL - select v1_0.id,v1_0.color,v1_0.daily_rate,v1_0.make,v1_0.model,v1_0.registration_number,v1_0.seating_capacity,v1_0.status,v1_0.type,v1_0.year from vehicles v1_0 where v1_0.status=?
2025-12-15 12:58:34.589 [scheduling-1] INFO  c.example.VRS.service.LoggerService - INFO: Vehicle Statistics - Total: 34, Available: 27, Rented: 5
2025-12-15 12:58:34.589 [scheduling-1] INFO  c.example.VRS.service.LoggerService - INFO: System Health - Vehicle Availability Rate: 79.41%
2025-12-15 12:58:34.589 [scheduling-1] INFO  c.example.VRS.service.LoggerService - Operation 'Vehicle Status Monitoring' completed in 17 ms
2025-12-15 12:58:34.589 [scheduling-1] INFO  c.example.VRS.service.LoggerService - System Event - Event: MONITORING_TASK_COMPLETED, Details: Vehicle Status Monitoring
2025-12-15 12:58:37.606 [scheduling-1] INFO  c.e.VRS.service.ScheduledTaskService - Starting vehicle status monitoring task
2025-12-15 12:58:37.606 [scheduling-1] INFO  c.example.VRS.service.LoggerService - System Event - Event: MONITORING_TASK_STARTED, Details: Vehicle Status Monitoring
2025-12-15 12:58:37.607 [scheduling-1] DEBUG org.hibernate.SQL - select count(*) from vehicles v1_0
2025-12-15 12:58:37.610 [scheduling-1] DEBUG org.hibernate.SQL - select v1_0.id,v1_0.color,v1_0.daily_rate,v1_0.make,v1_0.model,v1_0.registration_number,v1_0.seating_capacity,v1_0.status,v1_0.type,v1_0.year from vehicles v1_0 where v1_0.status='AVAILABLE' order by v1_0.daily_rate
2025-12-15 12:58:37.616 [scheduling-1] DEBUG org.hibernate.SQL - select v1_0.id,v1_0.color,v1_0.daily_rate,v1_0.make,v1_0.model,v1_0.registration_number,v1_0.seating_capacity,v1_0.status,v1_0.type,v1_0.year from vehicles v1_0 where v1_0.status=?
2025-12-15 12:58:37.620 [scheduling-1] INFO  c.example.VRS.service.LoggerService - INFO: Vehicle Statistics - Total: 34, Available: 27, Rented: 5
2025-12-15 12:58:37.620 [scheduling-1] INFO  c.example.VRS.service.LoggerService - INFO: System Health - Vehicle Availability Rate: 79.41%
2025-12-15 12:58:37.620 [scheduling-1] INFO  c.example.VRS.service.LoggerService - Operation 'Vehicle Status Monitoring' completed in 14 ms
2025-12-15 12:58:37.621 [scheduling-1] INFO  c.example.VRS.service.LoggerService - System Event - Event: MONITORING_TASK_COMPLETED, Details: Vehicle Status Monitoring
2025-12-15 12:58:40.637 [scheduling-1] INFO  c.e.VRS.service.ScheduledTaskService - Starting vehicle status monitoring task
2025-12-15 12:58:40.637 [scheduling-1] INFO  c.example.VRS.service.LoggerService - System Event - Event: MONITORING_TASK_STARTED, Details: Vehicle Status Monitoring
2025-12-15 12:58:40.638 [scheduling-1] DEBUG org.hibernate.SQL - select count(*) from vehicles v1_0
2025-12-15 12:58:40.641 [scheduling-1] DEBUG org.hibernate.SQL - select v1_0.id,v1_0.color,v1_0.daily_rate,v1_0.make,v1_0.model,v1_0.registration_number,v1_0.seating_capacity,v1_0.status,v1_0.type,v1_0.year from vehicles v1_0 where v1_0.status='AVAILABLE' order by v1_0.daily_rate
2025-12-15 12:58:40.646 [scheduling-1] DEBUG org.hibernate.SQL - select v1_0.id,v1_0.color,v1_0.daily_rate,v1_0.make,v1_0.model,v1_0.registration_number,v1_0.seating_capacity,v1_0.status,v1_0.type,v1_0.year from vehicles v1_0 where v1_0.status=?
2025-12-15 12:58:40.649 [scheduling-1] INFO  c.example.VRS.service.LoggerService - INFO: Vehicle Statistics - Total: 34, Available: 27, Rented: 5
2025-12-15 12:58:40.649 [scheduling-1] INFO  c.example.VRS.service.LoggerService - INFO: System Health - Vehicle Availability Rate: 79.41%
2025-12-15 12:58:40.649 [scheduling-1] INFO  c.example.VRS.service.LoggerService - Operation 'Vehicle Status Monitoring' completed in 12 ms
2025-12-15 12:58:40.649 [scheduling-1] INFO  c.example.VRS.service.LoggerService - System Event - Event: MONITORING_TASK_COMPLETED, Details: Vehicle Status Monitoring
2025-12-15 12:58:43.673 [scheduling-1] INFO  c.e.VRS.service.ScheduledTaskService - Starting vehicle status monitoring task
2025-12-15 12:58:43.674 [scheduling-1] INFO  c.example.VRS.service.LoggerService - System Event - Event: MONITORING_TASK_STARTED, Details: Vehicle Status Monitoring
2025-12-15 12:58:43.675 [scheduling-1] DEBUG org.hibernate.SQL - select count(*) from vehicles v1_0
2025-12-15 12:58:43.678 [scheduling-1] DEBUG org.hibernate.SQL - select v1_0.id,v1_0.color,v1_0.daily_rate,v1_0.make,v1_0.model,v1_0.registration_number,v1_0.seating_capacity,v1_0.status,v1_0.type,v1_0.year from vehicles v1_0 where v1_0.status='AVAILABLE' order by v1_0.daily_rate
2025-12-15 12:58:43.684 [scheduling-1] DEBUG org.hibernate.SQL - select v1_0.id,v1_0.color,v1_0.daily_rate,v1_0.make,v1_0.model,v1_0.registration_number,v1_0.seating_capacity,v1_0.status,v1_0.type,v1_0.year from vehicles v1_0 where v1_0.status=?
2025-12-15 12:58:43.687 [scheduling-1] INFO  c.example.VRS.service.LoggerService - INFO: Vehicle Statistics - Total: 34, Available: 27, Rented: 5
2025-12-15 12:58:43.687 [scheduling-1] INFO  c.example.VRS.service.LoggerService - INFO: System Health - Vehicle Availability Rate: 79.41%
2025-12-15 12:58:43.687 [scheduling-1] INFO  c.example.VRS.service.LoggerService - Operation 'Vehicle Status Monitoring' completed in 14 ms
2025-12-15 12:58:43.687 [scheduling-1] INFO  c.example.VRS.service.LoggerService - System Event - Event: MONITORING_TASK_COMPLETED, Details: Vehicle Status Monitoring
2025-12-15 12:58:46.706 [scheduling-1] INFO  c.e.VRS.service.ScheduledTaskService - Starting vehicle status monitoring task
2025-12-15 12:58:46.706 [scheduling-1] INFO  c.example.VRS.service.LoggerService - System Event - Event: MONITORING_TASK_STARTED, Details: Vehicle Status Monitoring
2025-12-15 12:58:46.706 [scheduling-1] DEBUG org.hibernate.SQL - select count(*) from vehicles v1_0
2025-12-15 12:58:46.714 [scheduling-1] DEBUG org.hibernate.SQL - select v1_0.id,v1_0.color,v1_0.daily_rate,v1_0.make,v1_0.model,v1_0.registration_number,v1_0.seating_capacity,v1_0.status,v1_0.type,v1_0.year from vehicles v1_0 where v1_0.status='AVAILABLE' order by v1_0.daily_rate
2025-12-15 12:58:46.718 [scheduling-1] DEBUG org.hibernate.SQL - select v1_0.id,v1_0.color,v1_0.daily_rate,v1_0.make,v1_0.model,v1_0.registration_number,v1_0.seating_capacity,v1_0.status,v1_0.type,v1_0.year from vehicles v1_0 where v1_0.status=?
2025-12-15 12:58:46.722 [scheduling-1] INFO  c.example.VRS.service.LoggerService - INFO: Vehicle Statistics - Total: 34, Available: 27, Rented: 5
2025-12-15 12:58:46.723 [scheduling-1] INFO  c.example.VRS.service.LoggerService - INFO: System Health - Vehicle Availability Rate: 79.41%
2025-12-15 12:58:46.723 [scheduling-1] INFO  c.example.VRS.service.LoggerService - Operation 'Vehicle Status Monitoring' completed in 17 ms
2025-12-15 12:58:46.724 [scheduling-1] INFO  c.example.VRS.service.LoggerService - System Event - Event: MONITORING_TASK_COMPLETED, Details: Vehicle Status Monitoring
2025-12-15 12:58:49.740 [scheduling-1] INFO  c.e.VRS.service.ScheduledTaskService - Starting vehicle status monitoring task
2025-12-15 12:58:49.741 [scheduling-1] INFO  c.example.VRS.service.LoggerService - System Event - Event: MONITORING_TASK_STARTED, Details: Vehicle Status Monitoring
2025-12-15 12:58:49.742 [scheduling-1] DEBUG org.hibernate.SQL - select count(*) from vehicles v1_0
2025-12-15 12:58:49.744 [scheduling-1] DEBUG org.hibernate.SQL - select v1_0.id,v1_0.color,v1_0.daily_rate,v1_0.make,v1_0.model,v1_0.registration_number,v1_0.seating_capacity,v1_0.status,v1_0.type,v1_0.year from vehicles v1_0 where v1_0.status='AVAILABLE' order by v1_0.daily_rate
2025-12-15 12:58:49.748 [scheduling-1] DEBUG org.hibernate.SQL - select v1_0.id,v1_0.color,v1_0.daily_rate,v1_0.make,v1_0.model,v1_0.registration_number,v1_0.seating_capacity,v1_0.status,v1_0.type,v1_0.year from vehicles v1_0 where v1_0.status=?
2025-12-15 12:58:49.751 [scheduling-1] INFO  c.example.VRS.service.LoggerService - INFO: Vehicle Statistics - Total: 34, Available: 27, Rented: 5
2025-12-15 12:58:49.751 [scheduling-1] INFO  c.example.VRS.service.LoggerService - INFO: System Health - Vehicle Availability Rate: 79.41%
2025-12-15 12:58:49.751 [scheduling-1] INFO  c.example.VRS.service.LoggerService - Operation 'Vehicle Status Monitoring' completed in 11 ms
2025-12-15 12:58:49.752 [scheduling-1] INFO  c.example.VRS.service.LoggerService - System Event - Event: MONITORING_TASK_COMPLETED, Details: Vehicle Status Monitoring
2025-12-15 12:58:52.773 [scheduling-1] INFO  c.e.VRS.service.ScheduledTaskService - Starting vehicle status monitoring task
2025-12-15 12:58:52.774 [scheduling-1] INFO  c.example.VRS.service.LoggerService - System Event - Event: MONITORING_TASK_STARTED, Details: Vehicle Status Monitoring
2025-12-15 12:58:52.774 [scheduling-1] DEBUG org.hibernate.SQL - select count(*) from vehicles v1_0
2025-12-15 12:58:52.777 [scheduling-1] DEBUG org.hibernate.SQL - select v1_0.id,v1_0.color,v1_0.daily_rate,v1_0.make,v1_0.model,v1_0.registration_number,v1_0.seating_capacity,v1_0.status,v1_0.type,v1_0.year from vehicles v1_0 where v1_0.status='AVAILABLE' order by v1_0.daily_rate
2025-12-15 12:58:52.781 [scheduling-1] DEBUG org.hibernate.SQL - select v1_0.id,v1_0.color,v1_0.daily_rate,v1_0.make,v1_0.model,v1_0.registration_number,v1_0.seating_capacity,v1_0.status,v1_0.type,v1_0.year from vehicles v1_0 where v1_0.status=?
2025-12-15 12:58:52.784 [scheduling-1] INFO  c.example.VRS.service.LoggerService - INFO: Vehicle Statistics - Total: 34, Available: 27, Rented: 5
2025-12-15 12:58:52.784 [scheduling-1] INFO  c.example.VRS.service.LoggerService - INFO: System Health - Vehicle Availability Rate: 79.41%
2025-12-15 12:58:52.784 [scheduling-1] INFO  c.example.VRS.service.LoggerService - Operation 'Vehicle Status Monitoring' completed in 11 ms
2025-12-15 12:58:52.784 [scheduling-1] INFO  c.example.VRS.service.LoggerService - System Event - Event: MONITORING_TASK_COMPLETED, Details: Vehicle Status Monitoring
2025-12-15 12:58:55.804 [scheduling-1] INFO  c.e.VRS.service.ScheduledTaskService - Starting vehicle status monitoring task
2025-12-15 12:58:55.804 [scheduling-1] INFO  c.example.VRS.service.LoggerService - System Event - Event: MONITORING_TASK_STARTED, Details: Vehicle Status Monitoring
2025-12-15 12:58:55.805 [scheduling-1] DEBUG org.hibernate.SQL - select count(*) from vehicles v1_0
2025-12-15 12:58:55.808 [scheduling-1] DEBUG org.hibernate.SQL - select v1_0.id,v1_0.color,v1_0.daily_rate,v1_0.make,v1_0.model,v1_0.registration_number,v1_0.seating_capacity,v1_0.status,v1_0.type,v1_0.year from vehicles v1_0 where v1_0.status='AVAILABLE' order by v1_0.daily_rate
2025-12-15 12:58:55.816 [scheduling-1] DEBUG org.hibernate.SQL - select v1_0.id,v1_0.color,v1_0.daily_rate,v1_0.make,v1_0.model,v1_0.registration_number,v1_0.seating_capacity,v1_0.status,v1_0.type,v1_0.year from vehicles v1_0 where v1_0.status=?
2025-12-15 12:58:55.820 [scheduling-1] INFO  c.example.VRS.service.LoggerService - INFO: Vehicle Statistics - Total: 34, Available: 27, Rented: 5
2025-12-15 12:58:55.820 [scheduling-1] INFO  c.example.VRS.service.LoggerService - INFO: System Health - Vehicle Availability Rate: 79.41%
2025-12-15 12:58:55.820 [scheduling-1] INFO  c.example.VRS.service.LoggerService - Operation 'Vehicle Status Monitoring' completed in 16 ms
2025-12-15 12:58:55.820 [scheduling-1] INFO  c.example.VRS.service.LoggerService - System Event - Event: MONITORING_TASK_COMPLETED, Details: Vehicle Status Monitoring
2025-12-15 12:58:58.835 [scheduling-1] INFO  c.e.VRS.service.ScheduledTaskService - Starting vehicle status monitoring task
2025-12-15 12:58:58.835 [scheduling-1] INFO  c.example.VRS.service.LoggerService - System Event - Event: MONITORING_TASK_STARTED, Details: Vehicle Status Monitoring
2025-12-15 12:58:58.835 [scheduling-1] DEBUG org.hibernate.SQL - select count(*) from vehicles v1_0
2025-12-15 12:58:58.837 [scheduling-1] DEBUG org.hibernate.SQL - select v1_0.id,v1_0.color,v1_0.daily_rate,v1_0.make,v1_0.model,v1_0.registration_number,v1_0.seating_capacity,v1_0.status,v1_0.type,v1_0.year from vehicles v1_0 where v1_0.status='AVAILABLE' order by v1_0.daily_rate
2025-12-15 12:58:58.847 [scheduling-1] DEBUG org.hibernate.SQL - select v1_0.id,v1_0.color,v1_0.daily_rate,v1_0.make,v1_0.model,v1_0.registration_number,v1_0.seating_capacity,v1_0.status,v1_0.type,v1_0.year from vehicles v1_0 where v1_0.status=?
2025-12-15 12:58:58.850 [scheduling-1] INFO  c.example.VRS.service.LoggerService - INFO: Vehicle Statistics - Total: 34, Available: 27, Rented: 5
2025-12-15 12:58:58.850 [scheduling-1] INFO  c.example.VRS.service.LoggerService - INFO: System Health - Vehicle Availability Rate: 79.41%
2025-12-15 12:58:58.851 [scheduling-1] INFO  c.example.VRS.service.LoggerService - Operation 'Vehicle Status Monitoring' completed in 16 ms
2025-12-15 12:58:58.851 [scheduling-1] INFO  c.example.VRS.service.LoggerService - System Event - Event: MONITORING_TASK_COMPLETED, Details: Vehicle Status Monitoring
2025-12-15 12:59:01.868 [scheduling-1] INFO  c.e.VRS.service.ScheduledTaskService - Starting vehicle status monitoring task
2025-12-15 12:59:01.869 [scheduling-1] INFO  c.example.VRS.service.LoggerService - System Event - Event: MONITORING_TASK_STARTED, Details: Vehicle Status Monitoring
2025-12-15 12:59:01.870 [scheduling-1] DEBUG org.hibernate.SQL - select count(*) from vehicles v1_0
2025-12-15 12:59:01.873 [scheduling-1] DEBUG org.hibernate.SQL - select v1_0.id,v1_0.color,v1_0.daily_rate,v1_0.make,v1_0.model,v1_0.registration_number,v1_0.seating_capacity,v1_0.status,v1_0.type,v1_0.year from vehicles v1_0 where v1_0.status='AVAILABLE' order by v1_0.daily_rate
2025-12-15 12:59:01.889 [scheduling-1] DEBUG org.hibernate.SQL - select v1_0.id,v1_0.color,v1_0.daily_rate,v1_0.make,v1_0.model,v1_0.registration_number,v1_0.seating_capacity,v1_0.status,v1_0.type,v1_0.year from vehicles v1_0 where v1_0.status=?
2025-12-15 12:59:01.892 [scheduling-1] INFO  c.example.VRS.service.LoggerService - INFO: Vehicle Statistics - Total: 34, Available: 27, Rented: 5
2025-12-15 12:59:01.892 [scheduling-1] INFO  c.example.VRS.service.LoggerService - INFO: System Health - Vehicle Availability Rate: 79.41%
2025-12-15 12:59:01.892 [scheduling-1] INFO  c.example.VRS.service.LoggerService - Operation 'Vehicle Status Monitoring' completed in 24 ms
2025-12-15 12:59:01.893 [scheduling-1] INFO  c.example.VRS.service.LoggerService - System Event - Event: MONITORING_TASK_COMPLETED, Details: Vehicle Status Monitoring
2025-12-15 12:59:04.912 [scheduling-1] INFO  c.e.VRS.service.ScheduledTaskService - Starting vehicle status monitoring task
2025-12-15 12:59:04.913 [scheduling-1] INFO  c.example.VRS.service.LoggerService - System Event - Event: MONITORING_TASK_STARTED, Details: Vehicle Status Monitoring
2025-12-15 12:59:04.915 [scheduling-1] DEBUG org.hibernate.SQL - select count(*) from vehicles v1_0
2025-12-15 12:59:04.920 [scheduling-1] DEBUG org.hibernate.SQL - select v1_0.id,v1_0.color,v1_0.daily_rate,v1_0.make,v1_0.model,v1_0.registration_number,v1_0.seating_capacity,v1_0.status,v1_0.type,v1_0.year from vehicles v1_0 where v1_0.status='AVAILABLE' order by v1_0.daily_rate
2025-12-15 12:59:04.929 [scheduling-1] DEBUG org.hibernate.SQL - select v1_0.id,v1_0.color,v1_0.daily_rate,v1_0.make,v1_0.model,v1_0.registration_number,v1_0.seating_capacity,v1_0.status,v1_0.type,v1_0.year from vehicles v1_0 where v1_0.status=?
2025-12-15 12:59:04.933 [scheduling-1] INFO  c.example.VRS.service.LoggerService - INFO: Vehicle Statistics - Total: 34, Available: 27, Rented: 5
2025-12-15 12:59:04.933 [scheduling-1] INFO  c.example.VRS.service.LoggerService - INFO: System Health - Vehicle Availability Rate: 79.41%
2025-12-15 12:59:04.933 [scheduling-1] INFO  c.example.VRS.service.LoggerService - Operation 'Vehicle Status Monitoring' completed in 21 ms
2025-12-15 12:59:04.934 [scheduling-1] INFO  c.example.VRS.service.LoggerService - System Event - Event: MONITORING_TASK_COMPLETED, Details: Vehicle Status Monitoring
2025-12-15 12:59:07.950 [scheduling-1] INFO  c.e.VRS.service.ScheduledTaskService - Starting vehicle status monitoring task
2025-12-15 12:59:07.950 [scheduling-1] INFO  c.example.VRS.service.LoggerService - System Event - Event: MONITORING_TASK_STARTED, Details: Vehicle Status Monitoring
2025-12-15 12:59:07.950 [scheduling-1] DEBUG org.hibernate.SQL - select count(*) from vehicles v1_0
2025-12-15 12:59:07.950 [scheduling-1] DEBUG org.hibernate.SQL - select v1_0.id,v1_0.color,v1_0.daily_rate,v1_0.make,v1_0.model,v1_0.registration_number,v1_0.seating_capacity,v1_0.status,v1_0.type,v1_0.year from vehicles v1_0 where v1_0.status='AVAILABLE' order by v1_0.daily_rate
2025-12-15 12:59:07.967 [scheduling-1] DEBUG org.hibernate.SQL - select v1_0.id,v1_0.color,v1_0.daily_rate,v1_0.make,v1_0.model,v1_0.registration_number,v1_0.seating_capacity,v1_0.status,v1_0.type,v1_0.year from vehicles v1_0 where v1_0.status=?
2025-12-15 12:59:07.970 [scheduling-1] INFO  c.example.VRS.service.LoggerService - INFO: Vehicle Statistics - Total: 34, Available: 27, Rented: 5
2025-12-15 12:59:07.971 [scheduling-1] INFO  c.example.VRS.service.LoggerService - INFO: System Health - Vehicle Availability Rate: 79.41%
2025-12-15 12:59:07.971 [scheduling-1] INFO  c.example.VRS.service.LoggerService - Operation 'Vehicle Status Monitoring' completed in 21 ms
2025-12-15 12:59:07.971 [scheduling-1] INFO  c.example.VRS.service.LoggerService - System Event - Event: MONITORING_TASK_COMPLETED, Details: Vehicle Status Monitoring
2025-12-15 12:59:10.997 [scheduling-1] INFO  c.e.VRS.service.ScheduledTaskService - Starting vehicle status monitoring task
2025-12-15 12:59:10.997 [scheduling-1] INFO  c.example.VRS.service.LoggerService - System Event - Event: MONITORING_TASK_STARTED, Details: Vehicle Status Monitoring
2025-12-15 12:59:10.997 [scheduling-1] DEBUG org.hibernate.SQL - select count(*) from vehicles v1_0
2025-12-15 12:59:11.003 [scheduling-1] DEBUG org.hibernate.SQL - select v1_0.id,v1_0.color,v1_0.daily_rate,v1_0.make,v1_0.model,v1_0.registration_number,v1_0.seating_capacity,v1_0.status,v1_0.type,v1_0.year from vehicles v1_0 where v1_0.status='AVAILABLE' order by v1_0.daily_rate
2025-12-15 12:59:11.009 [scheduling-1] DEBUG org.hibernate.SQL - select v1_0.id,v1_0.color,v1_0.daily_rate,v1_0.make,v1_0.model,v1_0.registration_number,v1_0.seating_capacity,v1_0.status,v1_0.type,v1_0.year from vehicles v1_0 where v1_0.status=?
2025-12-15 12:59:11.011 [scheduling-1] INFO  c.example.VRS.service.LoggerService - INFO: Vehicle Statistics - Total: 34, Available: 27, Rented: 5
2025-12-15 12:59:11.011 [scheduling-1] INFO  c.example.VRS.service.LoggerService - INFO: System Health - Vehicle Availability Rate: 79.41%
2025-12-15 12:59:11.011 [scheduling-1] INFO  c.example.VRS.service.LoggerService - Operation 'Vehicle Status Monitoring' completed in 14 ms
2025-12-15 12:59:11.011 [scheduling-1] INFO  c.example.VRS.service.LoggerService - System Event - Event: MONITORING_TASK_COMPLETED, Details: Vehicle Status Monitoring
2025-12-15 12:59:14.031 [scheduling-1] INFO  c.e.VRS.service.ScheduledTaskService - Starting vehicle status monitoring task
2025-12-15 12:59:14.031 [scheduling-1] INFO  c.example.VRS.service.LoggerService - System Event - Event: MONITORING_TASK_STARTED, Details: Vehicle Status Monitoring
2025-12-15 12:59:14.031 [scheduling-1] DEBUG org.hibernate.SQL - select count(*) from vehicles v1_0
2025-12-15 12:59:14.035 [scheduling-1] DEBUG org.hibernate.SQL - select v1_0.id,v1_0.color,v1_0.daily_rate,v1_0.make,v1_0.model,v1_0.registration_number,v1_0.seating_capacity,v1_0.status,v1_0.type,v1_0.year from vehicles v1_0 where v1_0.status='AVAILABLE' order by v1_0.daily_rate
2025-12-15 12:59:14.044 [scheduling-1] DEBUG org.hibernate.SQL - select v1_0.id,v1_0.color,v1_0.daily_rate,v1_0.make,v1_0.model,v1_0.registration_number,v1_0.seating_capacity,v1_0.status,v1_0.type,v1_0.year from vehicles v1_0 where v1_0.status=?
2025-12-15 12:59:14.047 [scheduling-1] INFO  c.example.VRS.service.LoggerService - INFO: Vehicle Statistics - Total: 34, Available: 27, Rented: 5
2025-12-15 12:59:14.047 [scheduling-1] INFO  c.example.VRS.service.LoggerService - INFO: System Health - Vehicle Availability Rate: 79.41%
2025-12-15 12:59:14.047 [scheduling-1] INFO  c.example.VRS.service.LoggerService - Operation 'Vehicle Status Monitoring' completed in 16 ms
2025-12-15 12:59:14.047 [scheduling-1] INFO  c.example.VRS.service.LoggerService - System Event - Event: MONITORING_TASK_COMPLETED, Details: Vehicle Status Monitoring
2025-12-15 12:59:17.066 [scheduling-1] INFO  c.e.VRS.service.ScheduledTaskService - Starting vehicle status monitoring task
2025-12-15 12:59:17.066 [scheduling-1] INFO  c.example.VRS.service.LoggerService - System Event - Event: MONITORING_TASK_STARTED, Details: Vehicle Status Monitoring
2025-12-15 12:59:17.067 [scheduling-1] DEBUG org.hibernate.SQL - select count(*) from vehicles v1_0
2025-12-15 12:59:17.070 [scheduling-1] DEBUG org.hibernate.SQL - select v1_0.id,v1_0.color,v1_0.daily_rate,v1_0.make,v1_0.model,v1_0.registration_number,v1_0.seating_capacity,v1_0.status,v1_0.type,v1_0.year from vehicles v1_0 where v1_0.status='AVAILABLE' order by v1_0.daily_rate
2025-12-15 12:59:17.076 [scheduling-1] DEBUG org.hibernate.SQL - select v1_0.id,v1_0.color,v1_0.daily_rate,v1_0.make,v1_0.model,v1_0.registration_number,v1_0.seating_capacity,v1_0.status,v1_0.type,v1_0.year from vehicles v1_0 where v1_0.status=?
2025-12-15 12:59:17.079 [scheduling-1] INFO  c.example.VRS.service.LoggerService - INFO: Vehicle Statistics - Total: 34, Available: 27, Rented: 5
2025-12-15 12:59:17.079 [scheduling-1] INFO  c.example.VRS.service.LoggerService - INFO: System Health - Vehicle Availability Rate: 79.41%
2025-12-15 12:59:17.080 [scheduling-1] INFO  c.example.VRS.service.LoggerService - Operation 'Vehicle Status Monitoring' completed in 14 ms
2025-12-15 12:59:17.080 [scheduling-1] INFO  c.example.VRS.service.LoggerService - System Event - Event: MONITORING_TASK_COMPLETED, Details: Vehicle Status Monitoring
2025-12-15 12:59:20.090 [scheduling-1] INFO  c.e.VRS.service.ScheduledTaskService - Starting vehicle status monitoring task
2025-12-15 12:59:20.090 [scheduling-1] INFO  c.example.VRS.service.LoggerService - System Event - Event: MONITORING_TASK_STARTED, Details: Vehicle Status Monitoring
2025-12-15 12:59:20.090 [scheduling-1] DEBUG org.hibernate.SQL - select count(*) from vehicles v1_0
2025-12-15 12:59:20.090 [scheduling-1] DEBUG org.hibernate.SQL - select v1_0.id,v1_0.color,v1_0.daily_rate,v1_0.make,v1_0.model,v1_0.registration_number,v1_0.seating_capacity,v1_0.status,v1_0.type,v1_0.year from vehicles v1_0 where v1_0.status='AVAILABLE' order by v1_0.daily_rate
2025-12-15 12:59:20.106 [scheduling-1] DEBUG org.hibernate.SQL - select v1_0.id,v1_0.color,v1_0.daily_rate,v1_0.make,v1_0.model,v1_0.registration_number,v1_0.seating_capacity,v1_0.status,v1_0.type,v1_0.year from vehicles v1_0 where v1_0.status=?
2025-12-15 12:59:20.110 [scheduling-1] INFO  c.example.VRS.service.LoggerService - INFO: Vehicle Statistics - Total: 34, Available: 27, Rented: 5
2025-12-15 12:59:20.111 [scheduling-1] INFO  c.example.VRS.service.LoggerService - INFO: System Health - Vehicle Availability Rate: 79.41%
2025-12-15 12:59:20.111 [scheduling-1] INFO  c.example.VRS.service.LoggerService - Operation 'Vehicle Status Monitoring' completed in 21 ms
2025-12-15 12:59:20.111 [scheduling-1] INFO  c.example.VRS.service.LoggerService - System Event - Event: MONITORING_TASK_COMPLETED, Details: Vehicle Status Monitoring
2025-12-15 12:59:23.132 [scheduling-1] INFO  c.e.VRS.service.ScheduledTaskService - Starting vehicle status monitoring task
2025-12-15 12:59:23.133 [scheduling-1] INFO  c.example.VRS.service.LoggerService - System Event - Event: MONITORING_TASK_STARTED, Details: Vehicle Status Monitoring
2025-12-15 12:59:23.134 [scheduling-1] DEBUG org.hibernate.SQL - select count(*) from vehicles v1_0
2025-12-15 12:59:23.136 [scheduling-1] DEBUG org.hibernate.SQL - select v1_0.id,v1_0.color,v1_0.daily_rate,v1_0.make,v1_0.model,v1_0.registration_number,v1_0.seating_capacity,v1_0.status,v1_0.type,v1_0.year from vehicles v1_0 where v1_0.status='AVAILABLE' order by v1_0.daily_rate
2025-12-15 12:59:23.141 [scheduling-1] DEBUG org.hibernate.SQL - select v1_0.id,v1_0.color,v1_0.daily_rate,v1_0.make,v1_0.model,v1_0.registration_number,v1_0.seating_capacity,v1_0.status,v1_0.type,v1_0.year from vehicles v1_0 where v1_0.status=?
2025-12-15 12:59:23.144 [scheduling-1] INFO  c.example.VRS.service.LoggerService - INFO: Vehicle Statistics - Total: 34, Available: 27, Rented: 5
2025-12-15 12:59:23.144 [scheduling-1] INFO  c.example.VRS.service.LoggerService - INFO: System Health - Vehicle Availability Rate: 79.41%
2025-12-15 12:59:23.144 [scheduling-1] INFO  c.example.VRS.service.LoggerService - Operation 'Vehicle Status Monitoring' completed in 12 ms
2025-12-15 12:59:23.144 [scheduling-1] INFO  c.example.VRS.service.LoggerService - System Event - Event: MONITORING_TASK_COMPLETED, Details: Vehicle Status Monitoring
2025-12-15 12:59:26.158 [scheduling-1] INFO  c.e.VRS.service.ScheduledTaskService - Starting vehicle status monitoring task
2025-12-15 12:59:26.158 [scheduling-1] INFO  c.example.VRS.service.LoggerService - System Event - Event: MONITORING_TASK_STARTED, Details: Vehicle Status Monitoring
2025-12-15 12:59:26.160 [scheduling-1] DEBUG org.hibernate.SQL - select count(*) from vehicles v1_0
2025-12-15 12:59:26.160 [scheduling-1] DEBUG org.hibernate.SQL - select v1_0.id,v1_0.color,v1_0.daily_rate,v1_0.make,v1_0.model,v1_0.registration_number,v1_0.seating_capacity,v1_0.status,v1_0.type,v1_0.year from vehicles v1_0 where v1_0.status='AVAILABLE' order by v1_0.daily_rate
2025-12-15 12:59:26.167 [scheduling-1] DEBUG org.hibernate.SQL - select v1_0.id,v1_0.color,v1_0.daily_rate,v1_0.make,v1_0.model,v1_0.registration_number,v1_0.seating_capacity,v1_0.status,v1_0.type,v1_0.year from vehicles v1_0 where v1_0.status=?
2025-12-15 12:59:26.170 [scheduling-1] INFO  c.example.VRS.service.LoggerService - INFO: Vehicle Statistics - Total: 34, Available: 27, Rented: 5
2025-12-15 12:59:26.171 [scheduling-1] INFO  c.example.VRS.service.LoggerService - INFO: System Health - Vehicle Availability Rate: 79.41%
2025-12-15 12:59:26.171 [scheduling-1] INFO  c.example.VRS.service.LoggerService - Operation 'Vehicle Status Monitoring' completed in 13 ms
2025-12-15 12:59:26.171 [scheduling-1] INFO  c.example.VRS.service.LoggerService - System Event - Event: MONITORING_TASK_COMPLETED, Details: Vehicle Status Monitoring
2025-12-15 12:59:29.199 [scheduling-1] INFO  c.e.VRS.service.ScheduledTaskService - Starting vehicle status monitoring task
2025-12-15 12:59:29.200 [scheduling-1] INFO  c.example.VRS.service.LoggerService - System Event - Event: MONITORING_TASK_STARTED, Details: Vehicle Status Monitoring
2025-12-15 12:59:29.201 [scheduling-1] DEBUG org.hibernate.SQL - select count(*) from vehicles v1_0
2025-12-15 12:59:29.204 [scheduling-1] DEBUG org.hibernate.SQL - select v1_0.id,v1_0.color,v1_0.daily_rate,v1_0.make,v1_0.model,v1_0.registration_number,v1_0.seating_capacity,v1_0.status,v1_0.type,v1_0.year from vehicles v1_0 where v1_0.status='AVAILABLE' order by v1_0.daily_rate
2025-12-15 12:59:29.207 [scheduling-1] DEBUG org.hibernate.SQL - select v1_0.id,v1_0.color,v1_0.daily_rate,v1_0.make,v1_0.model,v1_0.registration_number,v1_0.seating_capacity,v1_0.status,v1_0.type,v1_0.year from vehicles v1_0 where v1_0.status=?
2025-12-15 12:59:29.212 [scheduling-1] INFO  c.example.VRS.service.LoggerService - INFO: Vehicle Statistics - Total: 34, Available: 27, Rented: 5
2025-12-15 12:59:29.214 [scheduling-1] INFO  c.example.VRS.service.LoggerService - INFO: System Health - Vehicle Availability Rate: 79.41%
2025-12-15 12:59:29.214 [scheduling-1] INFO  c.example.VRS.service.LoggerService - Operation 'Vehicle Status Monitoring' completed in 15 ms
2025-12-15 12:59:29.214 [scheduling-1] INFO  c.example.VRS.service.LoggerService - System Event - Event: MONITORING_TASK_COMPLETED, Details: Vehicle Status Monitoring
2025-12-15 12:59:32.235 [scheduling-1] INFO  c.e.VRS.service.ScheduledTaskService - Starting vehicle status monitoring task
2025-12-15 12:59:32.236 [scheduling-1] INFO  c.example.VRS.service.LoggerService - System Event - Event: MONITORING_TASK_STARTED, Details: Vehicle Status Monitoring
2025-12-15 12:59:32.237 [scheduling-1] DEBUG org.hibernate.SQL - select count(*) from vehicles v1_0
2025-12-15 12:59:32.241 [scheduling-1] DEBUG org.hibernate.SQL - select v1_0.id,v1_0.color,v1_0.daily_rate,v1_0.make,v1_0.model,v1_0.registration_number,v1_0.seating_capacity,v1_0.status,v1_0.type,v1_0.year from vehicles v1_0 where v1_0.status='AVAILABLE' order by v1_0.daily_rate
2025-12-15 12:59:32.249 [scheduling-1] DEBUG org.hibernate.SQL - select v1_0.id,v1_0.color,v1_0.daily_rate,v1_0.make,v1_0.model,v1_0.registration_number,v1_0.seating_capacity,v1_0.status,v1_0.type,v1_0.year from vehicles v1_0 where v1_0.status=?
2025-12-15 12:59:32.253 [scheduling-1] INFO  c.example.VRS.service.LoggerService - INFO: Vehicle Statistics - Total: 34, Available: 27, Rented: 5
2025-12-15 12:59:32.253 [scheduling-1] INFO  c.example.VRS.service.LoggerService - INFO: System Health - Vehicle Availability Rate: 79.41%
2025-12-15 12:59:32.253 [scheduling-1] INFO  c.example.VRS.service.LoggerService - Operation 'Vehicle Status Monitoring' completed in 18 ms
2025-12-15 12:59:32.254 [scheduling-1] INFO  c.example.VRS.service.LoggerService - System Event - Event: MONITORING_TASK_COMPLETED, Details: Vehicle Status Monitoring
2025-12-15 12:59:35.268 [scheduling-1] INFO  c.e.VRS.service.ScheduledTaskService - Starting vehicle status monitoring task
2025-12-15 12:59:35.269 [scheduling-1] INFO  c.example.VRS.service.LoggerService - System Event - Event: MONITORING_TASK_STARTED, Details: Vehicle Status Monitoring
2025-12-15 12:59:35.269 [scheduling-1] DEBUG org.hibernate.SQL - select count(*) from vehicles v1_0
2025-12-15 12:59:35.271 [scheduling-1] DEBUG org.hibernate.SQL - select v1_0.id,v1_0.color,v1_0.daily_rate,v1_0.make,v1_0.model,v1_0.registration_number,v1_0.seating_capacity,v1_0.status,v1_0.type,v1_0.year from vehicles v1_0 where v1_0.status='AVAILABLE' order by v1_0.daily_rate
2025-12-15 12:59:35.276 [scheduling-1] DEBUG org.hibernate.SQL - select v1_0.id,v1_0.color,v1_0.daily_rate,v1_0.make,v1_0.model,v1_0.registration_number,v1_0.seating_capacity,v1_0.status,v1_0.type,v1_0.year from vehicles v1_0 where v1_0.status=?
2025-12-15 12:59:35.278 [scheduling-1] INFO  c.example.VRS.service.LoggerService - INFO: Vehicle Statistics - Total: 34, Available: 27, Rented: 5
2025-12-15 12:59:35.278 [scheduling-1] INFO  c.example.VRS.service.LoggerService - INFO: System Health - Vehicle Availability Rate: 79.41%
2025-12-15 12:59:35.278 [scheduling-1] INFO  c.example.VRS.service.LoggerService - Operation 'Vehicle Status Monitoring' completed in 10 ms
2025-12-15 12:59:35.279 [scheduling-1] INFO  c.example.VRS.service.LoggerService - System Event - Event: MONITORING_TASK_COMPLETED, Details: Vehicle Status Monitoring
2025-12-15 12:59:38.299 [scheduling-1] INFO  c.e.VRS.service.ScheduledTaskService - Starting vehicle status monitoring task
2025-12-15 12:59:38.299 [scheduling-1] INFO  c.example.VRS.service.LoggerService - System Event - Event: MONITORING_TASK_STARTED, Details: Vehicle Status Monitoring
2025-12-15 12:59:38.300 [scheduling-1] DEBUG org.hibernate.SQL - select count(*) from vehicles v1_0
2025-12-15 12:59:38.304 [scheduling-1] DEBUG org.hibernate.SQL - select v1_0.id,v1_0.color,v1_0.daily_rate,v1_0.make,v1_0.model,v1_0.registration_number,v1_0.seating_capacity,v1_0.status,v1_0.type,v1_0.year from vehicles v1_0 where v1_0.status='AVAILABLE' order by v1_0.daily_rate
2025-12-15 12:59:38.310 [scheduling-1] DEBUG org.hibernate.SQL - select v1_0.id,v1_0.color,v1_0.daily_rate,v1_0.make,v1_0.model,v1_0.registration_number,v1_0.seating_capacity,v1_0.status,v1_0.type,v1_0.year from vehicles v1_0 where v1_0.status=?
2025-12-15 12:59:38.311 [scheduling-1] INFO  c.example.VRS.service.LoggerService - INFO: Vehicle Statistics - Total: 34, Available: 27, Rented: 5
2025-12-15 12:59:38.312 [scheduling-1] INFO  c.example.VRS.service.LoggerService - INFO: System Health - Vehicle Availability Rate: 79.41%
2025-12-15 12:59:38.312 [scheduling-1] INFO  c.example.VRS.service.LoggerService - Operation 'Vehicle Status Monitoring' completed in 13 ms
2025-12-15 12:59:38.312 [scheduling-1] INFO  c.example.VRS.service.LoggerService - System Event - Event: MONITORING_TASK_COMPLETED, Details: Vehicle Status Monitoring
2025-12-15 12:59:41.340 [scheduling-1] INFO  c.e.VRS.service.ScheduledTaskService - Starting vehicle status monitoring task
2025-12-15 12:59:41.340 [scheduling-1] INFO  c.example.VRS.service.LoggerService - System Event - Event: MONITORING_TASK_STARTED, Details: Vehicle Status Monitoring
2025-12-15 12:59:41.341 [scheduling-1] DEBUG org.hibernate.SQL - select count(*) from vehicles v1_0
2025-12-15 12:59:41.344 [scheduling-1] DEBUG org.hibernate.SQL - select v1_0.id,v1_0.color,v1_0.daily_rate,v1_0.make,v1_0.model,v1_0.registration_number,v1_0.seating_capacity,v1_0.status,v1_0.type,v1_0.year from vehicles v1_0 where v1_0.status='AVAILABLE' order by v1_0.daily_rate
2025-12-15 12:59:41.350 [scheduling-1] DEBUG org.hibernate.SQL - select v1_0.id,v1_0.color,v1_0.daily_rate,v1_0.make,v1_0.model,v1_0.registration_number,v1_0.seating_capacity,v1_0.status,v1_0.type,v1_0.year from vehicles v1_0 where v1_0.status=?
2025-12-15 12:59:41.353 [scheduling-1] INFO  c.example.VRS.service.LoggerService - INFO: Vehicle Statistics - Total: 34, Available: 27, Rented: 5
2025-12-15 12:59:41.354 [scheduling-1] INFO  c.example.VRS.service.LoggerService - INFO: System Health - Vehicle Availability Rate: 79.41%
2025-12-15 12:59:41.354 [scheduling-1] INFO  c.example.VRS.service.LoggerService - Operation 'Vehicle Status Monitoring' completed in 14 ms
2025-12-15 12:59:41.354 [scheduling-1] INFO  c.example.VRS.service.LoggerService - System Event - Event: MONITORING_TASK_COMPLETED, Details: Vehicle Status Monitoring
2025-12-15 12:59:44.372 [scheduling-1] INFO  c.e.VRS.service.ScheduledTaskService - Starting vehicle status monitoring task
2025-12-15 12:59:44.373 [scheduling-1] INFO  c.example.VRS.service.LoggerService - System Event - Event: MONITORING_TASK_STARTED, Details: Vehicle Status Monitoring
2025-12-15 12:59:44.373 [scheduling-1] DEBUG org.hibernate.SQL - select count(*) from vehicles v1_0
2025-12-15 12:59:44.376 [scheduling-1] DEBUG org.hibernate.SQL - select v1_0.id,v1_0.color,v1_0.daily_rate,v1_0.make,v1_0.model,v1_0.registration_number,v1_0.seating_capacity,v1_0.status,v1_0.type,v1_0.year from vehicles v1_0 where v1_0.status='AVAILABLE' order by v1_0.daily_rate
2025-12-15 12:59:44.382 [scheduling-1] DEBUG org.hibernate.SQL - select v1_0.id,v1_0.color,v1_0.daily_rate,v1_0.make,v1_0.model,v1_0.registration_number,v1_0.seating_capacity,v1_0.status,v1_0.type,v1_0.year from vehicles v1_0 where v1_0.status=?
2025-12-15 12:59:44.385 [scheduling-1] INFO  c.example.VRS.service.LoggerService - INFO: Vehicle Statistics - Total: 34, Available: 27, Rented: 5
2025-12-15 12:59:44.385 [scheduling-1] INFO  c.example.VRS.service.LoggerService - INFO: System Health - Vehicle Availability Rate: 79.41%
2025-12-15 12:59:44.386 [scheduling-1] INFO  c.example.VRS.service.LoggerService - Operation 'Vehicle Status Monitoring' completed in 14 ms
2025-12-15 12:59:44.386 [scheduling-1] INFO  c.example.VRS.service.LoggerService - System Event - Event: MONITORING_TASK_COMPLETED, Details: Vehicle Status Monitoring
2025-12-15 12:59:47.408 [scheduling-1] INFO  c.e.VRS.service.ScheduledTaskService - Starting vehicle status monitoring task
2025-12-15 12:59:47.409 [scheduling-1] INFO  c.example.VRS.service.LoggerService - System Event - Event: MONITORING_TASK_STARTED, Details: Vehicle Status Monitoring
2025-12-15 12:59:47.409 [scheduling-1] DEBUG org.hibernate.SQL - select count(*) from vehicles v1_0
2025-12-15 12:59:47.412 [scheduling-1] DEBUG org.hibernate.SQL - select v1_0.id,v1_0.color,v1_0.daily_rate,v1_0.make,v1_0.model,v1_0.registration_number,v1_0.seating_capacity,v1_0.status,v1_0.type,v1_0.year from vehicles v1_0 where v1_0.status='AVAILABLE' order by v1_0.daily_rate
2025-12-15 12:59:47.418 [scheduling-1] DEBUG org.hibernate.SQL - select v1_0.id,v1_0.color,v1_0.daily_rate,v1_0.make,v1_0.model,v1_0.registration_number,v1_0.seating_capacity,v1_0.status,v1_0.type,v1_0.year from vehicles v1_0 where v1_0.status=?
2025-12-15 12:59:47.421 [scheduling-1] INFO  c.example.VRS.service.LoggerService - INFO: Vehicle Statistics - Total: 34, Available: 27, Rented: 5
2025-12-15 12:59:47.421 [scheduling-1] INFO  c.example.VRS.service.LoggerService - INFO: System Health - Vehicle Availability Rate: 79.41%
2025-12-15 12:59:47.421 [scheduling-1] INFO  c.example.VRS.service.LoggerService - Operation 'Vehicle Status Monitoring' completed in 13 ms
2025-12-15 12:59:47.421 [scheduling-1] INFO  c.example.VRS.service.LoggerService - System Event - Event: MONITORING_TASK_COMPLETED, Details: Vehicle Status Monitoring
2025-12-15 12:59:50.446 [scheduling-1] INFO  c.e.VRS.service.ScheduledTaskService - Starting vehicle status monitoring task
2025-12-15 12:59:50.447 [scheduling-1] INFO  c.example.VRS.service.LoggerService - System Event - Event: MONITORING_TASK_STARTED, Details: Vehicle Status Monitoring
2025-12-15 12:59:50.448 [scheduling-1] DEBUG org.hibernate.SQL - select count(*) from vehicles v1_0
2025-12-15 12:59:50.450 [scheduling-1] DEBUG org.hibernate.SQL - select v1_0.id,v1_0.color,v1_0.daily_rate,v1_0.make,v1_0.model,v1_0.registration_number,v1_0.seating_capacity,v1_0.status,v1_0.type,v1_0.year from vehicles v1_0 where v1_0.status='AVAILABLE' order by v1_0.daily_rate
2025-12-15 12:59:50.455 [scheduling-1] DEBUG org.hibernate.SQL - select v1_0.id,v1_0.color,v1_0.daily_rate,v1_0.make,v1_0.model,v1_0.registration_number,v1_0.seating_capacity,v1_0.status,v1_0.type,v1_0.year from vehicles v1_0 where v1_0.status=?
2025-12-15 12:59:50.458 [scheduling-1] INFO  c.example.VRS.service.LoggerService - INFO: Vehicle Statistics - Total: 34, Available: 27, Rented: 5
2025-12-15 12:59:50.458 [scheduling-1] INFO  c.example.VRS.service.LoggerService - INFO: System Health - Vehicle Availability Rate: 79.41%
2025-12-15 12:59:50.459 [scheduling-1] INFO  c.example.VRS.service.LoggerService - Operation 'Vehicle Status Monitoring' completed in 13 ms
2025-12-15 12:59:50.459 [scheduling-1] INFO  c.example.VRS.service.LoggerService - System Event - Event: MONITORING_TASK_COMPLETED, Details: Vehicle Status Monitoring
2025-12-15 12:59:53.484 [scheduling-1] INFO  c.e.VRS.service.ScheduledTaskService - Starting vehicle status monitoring task
2025-12-15 12:59:53.484 [scheduling-1] INFO  c.example.VRS.service.LoggerService - System Event - Event: MONITORING_TASK_STARTED, Details: Vehicle Status Monitoring
2025-12-15 12:59:53.485 [scheduling-1] DEBUG org.hibernate.SQL - select count(*) from vehicles v1_0
2025-12-15 12:59:53.488 [scheduling-1] DEBUG org.hibernate.SQL - select v1_0.id,v1_0.color,v1_0.daily_rate,v1_0.make,v1_0.model,v1_0.registration_number,v1_0.seating_capacity,v1_0.status,v1_0.type,v1_0.year from vehicles v1_0 where v1_0.status='AVAILABLE' order by v1_0.daily_rate
2025-12-15 12:59:53.495 [scheduling-1] DEBUG org.hibernate.SQL - select v1_0.id,v1_0.color,v1_0.daily_rate,v1_0.make,v1_0.model,v1_0.registration_number,v1_0.seating_capacity,v1_0.status,v1_0.type,v1_0.year from vehicles v1_0 where v1_0.status=?
2025-12-15 12:59:53.499 [scheduling-1] INFO  c.example.VRS.service.LoggerService - INFO: Vehicle Statistics - Total: 34, Available: 27, Rented: 5
2025-12-15 12:59:53.499 [scheduling-1] INFO  c.example.VRS.service.LoggerService - INFO: System Health - Vehicle Availability Rate: 79.41%
2025-12-15 12:59:53.500 [scheduling-1] INFO  c.example.VRS.service.LoggerService - Operation 'Vehicle Status Monitoring' completed in 16 ms
2025-12-15 12:59:53.500 [scheduling-1] INFO  c.example.VRS.service.LoggerService - System Event - Event: MONITORING_TASK_COMPLETED, Details: Vehicle Status Monitoring
2025-12-15 12:59:56.520 [scheduling-1] INFO  c.e.VRS.service.ScheduledTaskService - Starting vehicle status monitoring task
2025-12-15 12:59:56.520 [scheduling-1] INFO  c.example.VRS.service.LoggerService - System Event - Event: MONITORING_TASK_STARTED, Details: Vehicle Status Monitoring
2025-12-15 12:59:56.520 [scheduling-1] DEBUG org.hibernate.SQL - select count(*) from vehicles v1_0
2025-12-15 12:59:56.524 [scheduling-1] DEBUG org.hibernate.SQL - select v1_0.id,v1_0.color,v1_0.daily_rate,v1_0.make,v1_0.model,v1_0.registration_number,v1_0.seating_capacity,v1_0.status,v1_0.type,v1_0.year from vehicles v1_0 where v1_0.status='AVAILABLE' order by v1_0.daily_rate
2025-12-15 12:59:56.529 [scheduling-1] DEBUG org.hibernate.SQL - select v1_0.id,v1_0.color,v1_0.daily_rate,v1_0.make,v1_0.model,v1_0.registration_number,v1_0.seating_capacity,v1_0.status,v1_0.type,v1_0.year from vehicles v1_0 where v1_0.status=?
2025-12-15 12:59:56.531 [scheduling-1] INFO  c.example.VRS.service.LoggerService - INFO: Vehicle Statistics - Total: 34, Available: 27, Rented: 5
2025-12-15 12:59:56.532 [scheduling-1] INFO  c.example.VRS.service.LoggerService - INFO: System Health - Vehicle Availability Rate: 79.41%
2025-12-15 12:59:56.532 [scheduling-1] INFO  c.example.VRS.service.LoggerService - Operation 'Vehicle Status Monitoring' completed in 13 ms
2025-12-15 12:59:56.532 [scheduling-1] INFO  c.example.VRS.service.LoggerService - System Event - Event: MONITORING_TASK_COMPLETED, Details: Vehicle Status Monitoring
2025-12-15 12:59:59.542 [scheduling-1] INFO  c.e.VRS.service.ScheduledTaskService - Starting vehicle status monitoring task
2025-12-15 12:59:59.542 [scheduling-1] INFO  c.example.VRS.service.LoggerService - System Event - Event: MONITORING_TASK_STARTED, Details: Vehicle Status Monitoring
2025-12-15 12:59:59.546 [scheduling-1] DEBUG org.hibernate.SQL - select count(*) from vehicles v1_0
2025-12-15 12:59:59.549 [scheduling-1] DEBUG org.hibernate.SQL - select v1_0.id,v1_0.color,v1_0.daily_rate,v1_0.make,v1_0.model,v1_0.registration_number,v1_0.seating_capacity,v1_0.status,v1_0.type,v1_0.year from vehicles v1_0 where v1_0.status='AVAILABLE' order by v1_0.daily_rate
2025-12-15 12:59:59.558 [scheduling-1] DEBUG org.hibernate.SQL - select v1_0.id,v1_0.color,v1_0.daily_rate,v1_0.make,v1_0.model,v1_0.registration_number,v1_0.seating_capacity,v1_0.status,v1_0.type,v1_0.year from vehicles v1_0 where v1_0.status=?
2025-12-15 12:59:59.559 [scheduling-1] INFO  c.example.VRS.service.LoggerService - INFO: Vehicle Statistics - Total: 34, Available: 27, Rented: 5
2025-12-15 12:59:59.560 [scheduling-1] INFO  c.example.VRS.service.LoggerService - INFO: System Health - Vehicle Availability Rate: 79.41%
2025-12-15 12:59:59.560 [scheduling-1] INFO  c.example.VRS.service.LoggerService - Operation 'Vehicle Status Monitoring' completed in 18 ms
2025-12-15 12:59:59.560 [scheduling-1] INFO  c.example.VRS.service.LoggerService - System Event - Event: MONITORING_TASK_COMPLETED, Details: Vehicle Status Monitoring
2025-12-15 13:00:02.582 [scheduling-1] INFO  c.e.VRS.service.ScheduledTaskService - Starting vehicle status monitoring task
2025-12-15 13:00:02.582 [scheduling-1] INFO  c.example.VRS.service.LoggerService - System Event - Event: MONITORING_TASK_STARTED, Details: Vehicle Status Monitoring
2025-12-15 13:00:02.583 [scheduling-1] DEBUG org.hibernate.SQL - select count(*) from vehicles v1_0
2025-12-15 13:00:02.585 [scheduling-1] DEBUG org.hibernate.SQL - select v1_0.id,v1_0.color,v1_0.daily_rate,v1_0.make,v1_0.model,v1_0.registration_number,v1_0.seating_capacity,v1_0.status,v1_0.type,v1_0.year from vehicles v1_0 where v1_0.status='AVAILABLE' order by v1_0.daily_rate
2025-12-15 13:00:02.591 [scheduling-1] DEBUG org.hibernate.SQL - select v1_0.id,v1_0.color,v1_0.daily_rate,v1_0.make,v1_0.model,v1_0.registration_number,v1_0.seating_capacity,v1_0.status,v1_0.type,v1_0.year from vehicles v1_0 where v1_0.status=?
2025-12-15 13:00:02.593 [scheduling-1] INFO  c.example.VRS.service.LoggerService - INFO: Vehicle Statistics - Total: 34, Available: 27, Rented: 5
2025-12-15 13:00:02.593 [scheduling-1] INFO  c.example.VRS.service.LoggerService - INFO: System Health - Vehicle Availability Rate: 79.41%
2025-12-15 13:00:02.594 [scheduling-1] INFO  c.example.VRS.service.LoggerService - Operation 'Vehicle Status Monitoring' completed in 12 ms
2025-12-15 13:00:02.594 [scheduling-1] INFO  c.example.VRS.service.LoggerService - System Event - Event: MONITORING_TASK_COMPLETED, Details: Vehicle Status Monitoring
2025-12-15 13:00:05.607 [scheduling-1] INFO  c.e.VRS.service.ScheduledTaskService - Starting vehicle status monitoring task
2025-12-15 13:00:05.608 [scheduling-1] INFO  c.example.VRS.service.LoggerService - System Event - Event: MONITORING_TASK_STARTED, Details: Vehicle Status Monitoring
2025-12-15 13:00:05.609 [scheduling-1] DEBUG org.hibernate.SQL - select count(*) from vehicles v1_0
2025-12-15 13:00:05.612 [scheduling-1] DEBUG org.hibernate.SQL - select v1_0.id,v1_0.color,v1_0.daily_rate,v1_0.make,v1_0.model,v1_0.registration_number,v1_0.seating_capacity,v1_0.status,v1_0.type,v1_0.year from vehicles v1_0 where v1_0.status='AVAILABLE' order by v1_0.daily_rate
2025-12-15 13:00:05.618 [scheduling-1] DEBUG org.hibernate.SQL - select v1_0.id,v1_0.color,v1_0.daily_rate,v1_0.make,v1_0.model,v1_0.registration_number,v1_0.seating_capacity,v1_0.status,v1_0.type,v1_0.year from vehicles v1_0 where v1_0.status=?
2025-12-15 13:00:05.621 [scheduling-1] INFO  c.example.VRS.service.LoggerService - INFO: Vehicle Statistics - Total: 34, Available: 27, Rented: 5
2025-12-15 13:00:05.621 [scheduling-1] INFO  c.example.VRS.service.LoggerService - INFO: System Health - Vehicle Availability Rate: 79.41%
2025-12-15 13:00:05.622 [scheduling-1] INFO  c.example.VRS.service.LoggerService - Operation 'Vehicle Status Monitoring' completed in 15 ms
2025-12-15 13:00:05.622 [scheduling-1] INFO  c.example.VRS.service.LoggerService - System Event - Event: MONITORING_TASK_COMPLETED, Details: Vehicle Status Monitoring
2025-12-15 13:00:08.641 [scheduling-1] INFO  c.e.VRS.service.ScheduledTaskService - Starting vehicle status monitoring task
2025-12-15 13:00:08.641 [scheduling-1] INFO  c.example.VRS.service.LoggerService - System Event - Event: MONITORING_TASK_STARTED, Details: Vehicle Status Monitoring
2025-12-15 13:00:08.643 [scheduling-1] DEBUG org.hibernate.SQL - select count(*) from vehicles v1_0
2025-12-15 13:00:08.646 [scheduling-1] DEBUG org.hibernate.SQL - select v1_0.id,v1_0.color,v1_0.daily_rate,v1_0.make,v1_0.model,v1_0.registration_number,v1_0.seating_capacity,v1_0.status,v1_0.type,v1_0.year from vehicles v1_0 where v1_0.status='AVAILABLE' order by v1_0.daily_rate
2025-12-15 13:00:08.651 [scheduling-1] DEBUG org.hibernate.SQL - select v1_0.id,v1_0.color,v1_0.daily_rate,v1_0.make,v1_0.model,v1_0.registration_number,v1_0.seating_capacity,v1_0.status,v1_0.type,v1_0.year from vehicles v1_0 where v1_0.status=?
2025-12-15 13:00:08.654 [scheduling-1] INFO  c.example.VRS.service.LoggerService - INFO: Vehicle Statistics - Total: 34, Available: 27, Rented: 5
2025-12-15 13:00:08.655 [scheduling-1] INFO  c.example.VRS.service.LoggerService - INFO: System Health - Vehicle Availability Rate: 79.41%
2025-12-15 13:00:08.655 [scheduling-1] INFO  c.example.VRS.service.LoggerService - Operation 'Vehicle Status Monitoring' completed in 14 ms
2025-12-15 13:00:08.655 [scheduling-1] INFO  c.example.VRS.service.LoggerService - System Event - Event: MONITORING_TASK_COMPLETED, Details: Vehicle Status Monitoring
2025-12-15 13:00:11.668 [scheduling-1] INFO  c.e.VRS.service.ScheduledTaskService - Starting vehicle status monitoring task
2025-12-15 13:00:11.668 [scheduling-1] INFO  c.example.VRS.service.LoggerService - System Event - Event: MONITORING_TASK_STARTED, Details: Vehicle Status Monitoring
2025-12-15 13:00:11.675 [scheduling-1] DEBUG org.hibernate.SQL - select count(*) from vehicles v1_0
2025-12-15 13:00:11.679 [scheduling-1] DEBUG org.hibernate.SQL - select v1_0.id,v1_0.color,v1_0.daily_rate,v1_0.make,v1_0.model,v1_0.registration_number,v1_0.seating_capacity,v1_0.status,v1_0.type,v1_0.year from vehicles v1_0 where v1_0.status='AVAILABLE' order by v1_0.daily_rate
2025-12-15 13:00:11.686 [scheduling-1] DEBUG org.hibernate.SQL - select v1_0.id,v1_0.color,v1_0.daily_rate,v1_0.make,v1_0.model,v1_0.registration_number,v1_0.seating_capacity,v1_0.status,v1_0.type,v1_0.year from vehicles v1_0 where v1_0.status=?
2025-12-15 13:00:11.688 [scheduling-1] INFO  c.example.VRS.service.LoggerService - INFO: Vehicle Statistics - Total: 34, Available: 27, Rented: 5
2025-12-15 13:00:11.689 [scheduling-1] INFO  c.example.VRS.service.LoggerService - INFO: System Health - Vehicle Availability Rate: 79.41%
2025-12-15 13:00:11.689 [scheduling-1] INFO  c.example.VRS.service.LoggerService - Operation 'Vehicle Status Monitoring' completed in 21 ms
2025-12-15 13:00:11.689 [scheduling-1] INFO  c.example.VRS.service.LoggerService - System Event - Event: MONITORING_TASK_COMPLETED, Details: Vehicle Status Monitoring
2025-12-15 13:00:14.709 [scheduling-1] INFO  c.e.VRS.service.ScheduledTaskService - Starting vehicle status monitoring task
2025-12-15 13:00:14.709 [scheduling-1] INFO  c.example.VRS.service.LoggerService - System Event - Event: MONITORING_TASK_STARTED, Details: Vehicle Status Monitoring
2025-12-15 13:00:14.710 [scheduling-1] DEBUG org.hibernate.SQL - select count(*) from vehicles v1_0
2025-12-15 13:00:14.712 [scheduling-1] DEBUG org.hibernate.SQL - select v1_0.id,v1_0.color,v1_0.daily_rate,v1_0.make,v1_0.model,v1_0.registration_number,v1_0.seating_capacity,v1_0.status,v1_0.type,v1_0.year from vehicles v1_0 where v1_0.status='AVAILABLE' order by v1_0.daily_rate
2025-12-15 13:00:14.717 [scheduling-1] DEBUG org.hibernate.SQL - select v1_0.id,v1_0.color,v1_0.daily_rate,v1_0.make,v1_0.model,v1_0.registration_number,v1_0.seating_capacity,v1_0.status,v1_0.type,v1_0.year from vehicles v1_0 where v1_0.status=?
2025-12-15 13:00:14.720 [scheduling-1] INFO  c.example.VRS.service.LoggerService - INFO: Vehicle Statistics - Total: 34, Available: 27, Rented: 5
2025-12-15 13:00:14.720 [scheduling-1] INFO  c.example.VRS.service.LoggerService - INFO: System Health - Vehicle Availability Rate: 79.41%
2025-12-15 13:00:14.721 [scheduling-1] INFO  c.example.VRS.service.LoggerService - Operation 'Vehicle Status Monitoring' completed in 12 ms
2025-12-15 13:00:14.721 [scheduling-1] INFO  c.example.VRS.service.LoggerService - System Event - Event: MONITORING_TASK_COMPLETED, Details: Vehicle Status Monitoring
2025-12-15 13:00:17.736 [scheduling-1] INFO  c.e.VRS.service.ScheduledTaskService - Starting vehicle status monitoring task
2025-12-15 13:00:17.736 [scheduling-1] INFO  c.example.VRS.service.LoggerService - System Event - Event: MONITORING_TASK_STARTED, Details: Vehicle Status Monitoring
2025-12-15 13:00:17.737 [scheduling-1] DEBUG org.hibernate.SQL - select count(*) from vehicles v1_0
2025-12-15 13:00:17.740 [scheduling-1] DEBUG org.hibernate.SQL - select v1_0.id,v1_0.color,v1_0.daily_rate,v1_0.make,v1_0.model,v1_0.registration_number,v1_0.seating_capacity,v1_0.status,v1_0.type,v1_0.year from vehicles v1_0 where v1_0.status='AVAILABLE' order by v1_0.daily_rate
2025-12-15 13:00:17.743 [scheduling-1] DEBUG org.hibernate.SQL - select v1_0.id,v1_0.color,v1_0.daily_rate,v1_0.make,v1_0.model,v1_0.registration_number,v1_0.seating_capacity,v1_0.status,v1_0.type,v1_0.year from vehicles v1_0 where v1_0.status=?
2025-12-15 13:00:17.745 [scheduling-1] INFO  c.example.VRS.service.LoggerService - INFO: Vehicle Statistics - Total: 34, Available: 27, Rented: 5
2025-12-15 13:00:17.745 [scheduling-1] INFO  c.example.VRS.service.LoggerService - INFO: System Health - Vehicle Availability Rate: 79.41%
2025-12-15 13:00:17.745 [scheduling-1] INFO  c.example.VRS.service.LoggerService - Operation 'Vehicle Status Monitoring' completed in 9 ms
2025-12-15 13:00:17.745 [scheduling-1] INFO  c.example.VRS.service.LoggerService - System Event - Event: MONITORING_TASK_COMPLETED, Details: Vehicle Status Monitoring
2025-12-15 13:00:20.758 [scheduling-1] INFO  c.e.VRS.service.ScheduledTaskService - Starting vehicle status monitoring task
2025-12-15 13:00:20.758 [scheduling-1] INFO  c.example.VRS.service.LoggerService - System Event - Event: MONITORING_TASK_STARTED, Details: Vehicle Status Monitoring
2025-12-15 13:00:20.758 [scheduling-1] DEBUG org.hibernate.SQL - select count(*) from vehicles v1_0
2025-12-15 13:00:20.762 [scheduling-1] DEBUG org.hibernate.SQL - select v1_0.id,v1_0.color,v1_0.daily_rate,v1_0.make,v1_0.model,v1_0.registration_number,v1_0.seating_capacity,v1_0.status,v1_0.type,v1_0.year from vehicles v1_0 where v1_0.status='AVAILABLE' order by v1_0.daily_rate
2025-12-15 13:00:20.766 [scheduling-1] DEBUG org.hibernate.SQL - select v1_0.id,v1_0.color,v1_0.daily_rate,v1_0.make,v1_0.model,v1_0.registration_number,v1_0.seating_capacity,v1_0.status,v1_0.type,v1_0.year from vehicles v1_0 where v1_0.status=?
2025-12-15 13:00:20.766 [scheduling-1] INFO  c.example.VRS.service.LoggerService - INFO: Vehicle Statistics - Total: 34, Available: 27, Rented: 5
2025-12-15 13:00:20.766 [scheduling-1] INFO  c.example.VRS.service.LoggerService - INFO: System Health - Vehicle Availability Rate: 79.41%
2025-12-15 13:00:20.766 [scheduling-1] INFO  c.example.VRS.service.LoggerService - Operation 'Vehicle Status Monitoring' completed in 8 ms
2025-12-15 13:00:20.766 [scheduling-1] INFO  c.example.VRS.service.LoggerService - System Event - Event: MONITORING_TASK_COMPLETED, Details: Vehicle Status Monitoring
2025-12-15 13:00:23.792 [scheduling-1] INFO  c.e.VRS.service.ScheduledTaskService - Starting vehicle status monitoring task
2025-12-15 13:00:23.793 [scheduling-1] INFO  c.example.VRS.service.LoggerService - System Event - Event: MONITORING_TASK_STARTED, Details: Vehicle Status Monitoring
2025-12-15 13:00:23.793 [scheduling-1] DEBUG org.hibernate.SQL - select count(*) from vehicles v1_0
2025-12-15 13:00:23.796 [scheduling-1] DEBUG org.hibernate.SQL - select v1_0.id,v1_0.color,v1_0.daily_rate,v1_0.make,v1_0.model,v1_0.registration_number,v1_0.seating_capacity,v1_0.status,v1_0.type,v1_0.year from vehicles v1_0 where v1_0.status='AVAILABLE' order by v1_0.daily_rate
2025-12-15 13:00:23.802 [scheduling-1] DEBUG org.hibernate.SQL - select v1_0.id,v1_0.color,v1_0.daily_rate,v1_0.make,v1_0.model,v1_0.registration_number,v1_0.seating_capacity,v1_0.status,v1_0.type,v1_0.year from vehicles v1_0 where v1_0.status=?
2025-12-15 13:00:23.805 [scheduling-1] INFO  c.example.VRS.service.LoggerService - INFO: Vehicle Statistics - Total: 34, Available: 27, Rented: 5
2025-12-15 13:00:23.805 [scheduling-1] INFO  c.example.VRS.service.LoggerService - INFO: System Health - Vehicle Availability Rate: 79.41%
2025-12-15 13:00:23.805 [scheduling-1] INFO  c.example.VRS.service.LoggerService - Operation 'Vehicle Status Monitoring' completed in 13 ms
2025-12-15 13:00:23.805 [scheduling-1] INFO  c.example.VRS.service.LoggerService - System Event - Event: MONITORING_TASK_COMPLETED, Details: Vehicle Status Monitoring
2025-12-15 13:00:26.817 [scheduling-1] INFO  c.e.VRS.service.ScheduledTaskService - Starting vehicle status monitoring task
2025-12-15 13:00:26.817 [scheduling-1] INFO  c.example.VRS.service.LoggerService - System Event - Event: MONITORING_TASK_STARTED, Details: Vehicle Status Monitoring
2025-12-15 13:00:26.817 [scheduling-1] DEBUG org.hibernate.SQL - select count(*) from vehicles v1_0
2025-12-15 13:00:26.822 [scheduling-1] DEBUG org.hibernate.SQL - select v1_0.id,v1_0.color,v1_0.daily_rate,v1_0.make,v1_0.model,v1_0.registration_number,v1_0.seating_capacity,v1_0.status,v1_0.type,v1_0.year from vehicles v1_0 where v1_0.status='AVAILABLE' order by v1_0.daily_rate
2025-12-15 13:00:26.830 [scheduling-1] DEBUG org.hibernate.SQL - select v1_0.id,v1_0.color,v1_0.daily_rate,v1_0.make,v1_0.model,v1_0.registration_number,v1_0.seating_capacity,v1_0.status,v1_0.type,v1_0.year from vehicles v1_0 where v1_0.status=?
2025-12-15 13:00:26.831 [scheduling-1] INFO  c.example.VRS.service.LoggerService - INFO: Vehicle Statistics - Total: 34, Available: 27, Rented: 5
2025-12-15 13:00:26.832 [scheduling-1] INFO  c.example.VRS.service.LoggerService - INFO: System Health - Vehicle Availability Rate: 79.41%
2025-12-15 13:00:26.832 [scheduling-1] INFO  c.example.VRS.service.LoggerService - Operation 'Vehicle Status Monitoring' completed in 15 ms
2025-12-15 13:00:26.832 [scheduling-1] INFO  c.example.VRS.service.LoggerService - System Event - Event: MONITORING_TASK_COMPLETED, Details: Vehicle Status Monitoring
2025-12-15 13:00:29.843 [scheduling-1] INFO  c.e.VRS.service.ScheduledTaskService - Starting vehicle status monitoring task
2025-12-15 13:00:29.844 [scheduling-1] INFO  c.example.VRS.service.LoggerService - System Event - Event: MONITORING_TASK_STARTED, Details: Vehicle Status Monitoring
2025-12-15 13:00:29.845 [scheduling-1] DEBUG org.hibernate.SQL - select count(*) from vehicles v1_0
2025-12-15 13:00:29.848 [scheduling-1] DEBUG org.hibernate.SQL - select v1_0.id,v1_0.color,v1_0.daily_rate,v1_0.make,v1_0.model,v1_0.registration_number,v1_0.seating_capacity,v1_0.status,v1_0.type,v1_0.year from vehicles v1_0 where v1_0.status='AVAILABLE' order by v1_0.daily_rate
2025-12-15 13:00:29.856 [scheduling-1] DEBUG org.hibernate.SQL - select v1_0.id,v1_0.color,v1_0.daily_rate,v1_0.make,v1_0.model,v1_0.registration_number,v1_0.seating_capacity,v1_0.status,v1_0.type,v1_0.year from vehicles v1_0 where v1_0.status=?
2025-12-15 13:00:29.858 [scheduling-1] INFO  c.example.VRS.service.LoggerService - INFO: Vehicle Statistics - Total: 34, Available: 27, Rented: 5
2025-12-15 13:00:29.858 [scheduling-1] INFO  c.example.VRS.service.LoggerService - INFO: System Health - Vehicle Availability Rate: 79.41%
2025-12-15 13:00:29.858 [scheduling-1] INFO  c.example.VRS.service.LoggerService - Operation 'Vehicle Status Monitoring' completed in 15 ms
2025-12-15 13:00:29.858 [scheduling-1] INFO  c.example.VRS.service.LoggerService - System Event - Event: MONITORING_TASK_COMPLETED, Details: Vehicle Status Monitoring
2025-12-15 13:00:32.877 [scheduling-1] INFO  c.e.VRS.service.ScheduledTaskService - Starting vehicle status monitoring task
2025-12-15 13:00:32.877 [scheduling-1] INFO  c.example.VRS.service.LoggerService - System Event - Event: MONITORING_TASK_STARTED, Details: Vehicle Status Monitoring
2025-12-15 13:00:32.878 [scheduling-1] DEBUG org.hibernate.SQL - select count(*) from vehicles v1_0
2025-12-15 13:00:32.882 [scheduling-1] DEBUG org.hibernate.SQL - select v1_0.id,v1_0.color,v1_0.daily_rate,v1_0.make,v1_0.model,v1_0.registration_number,v1_0.seating_capacity,v1_0.status,v1_0.type,v1_0.year from vehicles v1_0 where v1_0.status='AVAILABLE' order by v1_0.daily_rate
2025-12-15 13:00:32.889 [scheduling-1] DEBUG org.hibernate.SQL - select v1_0.id,v1_0.color,v1_0.daily_rate,v1_0.make,v1_0.model,v1_0.registration_number,v1_0.seating_capacity,v1_0.status,v1_0.type,v1_0.year from vehicles v1_0 where v1_0.status=?
2025-12-15 13:00:32.891 [scheduling-1] INFO  c.example.VRS.service.LoggerService - INFO: Vehicle Statistics - Total: 34, Available: 27, Rented: 5
2025-12-15 13:00:32.891 [scheduling-1] INFO  c.example.VRS.service.LoggerService - INFO: System Health - Vehicle Availability Rate: 79.41%
2025-12-15 13:00:32.892 [scheduling-1] INFO  c.example.VRS.service.LoggerService - Operation 'Vehicle Status Monitoring' completed in 15 ms
2025-12-15 13:00:32.892 [scheduling-1] INFO  c.example.VRS.service.LoggerService - System Event - Event: MONITORING_TASK_COMPLETED, Details: Vehicle Status Monitoring
2025-12-15 13:00:35.912 [scheduling-1] INFO  c.e.VRS.service.ScheduledTaskService - Starting vehicle status monitoring task
2025-12-15 13:00:35.912 [scheduling-1] INFO  c.example.VRS.service.LoggerService - System Event - Event: MONITORING_TASK_STARTED, Details: Vehicle Status Monitoring
2025-12-15 13:00:35.913 [scheduling-1] DEBUG org.hibernate.SQL - select count(*) from vehicles v1_0
2025-12-15 13:00:35.915 [scheduling-1] DEBUG org.hibernate.SQL - select v1_0.id,v1_0.color,v1_0.daily_rate,v1_0.make,v1_0.model,v1_0.registration_number,v1_0.seating_capacity,v1_0.status,v1_0.type,v1_0.year from vehicles v1_0 where v1_0.status='AVAILABLE' order by v1_0.daily_rate
2025-12-15 13:00:35.921 [scheduling-1] DEBUG org.hibernate.SQL - select v1_0.id,v1_0.color,v1_0.daily_rate,v1_0.make,v1_0.model,v1_0.registration_number,v1_0.seating_capacity,v1_0.status,v1_0.type,v1_0.year from vehicles v1_0 where v1_0.status=?
2025-12-15 13:00:35.924 [scheduling-1] INFO  c.example.VRS.service.LoggerService - INFO: Vehicle Statistics - Total: 34, Available: 27, Rented: 5
2025-12-15 13:00:35.924 [scheduling-1] INFO  c.example.VRS.service.LoggerService - INFO: System Health - Vehicle Availability Rate: 79.41%
2025-12-15 13:00:35.925 [scheduling-1] INFO  c.example.VRS.service.LoggerService - Operation 'Vehicle Status Monitoring' completed in 13 ms
2025-12-15 13:00:35.925 [scheduling-1] INFO  c.example.VRS.service.LoggerService - System Event - Event: MONITORING_TASK_COMPLETED, Details: Vehicle Status Monitoring
2025-12-15 13:00:38.939 [scheduling-1] INFO  c.e.VRS.service.ScheduledTaskService - Starting vehicle status monitoring task
2025-12-15 13:00:38.946 [scheduling-1] INFO  c.example.VRS.service.LoggerService - System Event - Event: MONITORING_TASK_STARTED, Details: Vehicle Status Monitoring
2025-12-15 13:00:38.946 [scheduling-1] DEBUG org.hibernate.SQL - select count(*) from vehicles v1_0
2025-12-15 13:00:38.949 [scheduling-1] DEBUG org.hibernate.SQL - select v1_0.id,v1_0.color,v1_0.daily_rate,v1_0.make,v1_0.model,v1_0.registration_number,v1_0.seating_capacity,v1_0.status,v1_0.type,v1_0.year from vehicles v1_0 where v1_0.status='AVAILABLE' order by v1_0.daily_rate
2025-12-15 13:00:38.950 [scheduling-1] DEBUG org.hibernate.SQL - select v1_0.id,v1_0.color,v1_0.daily_rate,v1_0.make,v1_0.model,v1_0.registration_number,v1_0.seating_capacity,v1_0.status,v1_0.type,v1_0.year from vehicles v1_0 where v1_0.status=?
2025-12-15 13:00:38.950 [scheduling-1] INFO  c.example.VRS.service.LoggerService - INFO: Vehicle Statistics - Total: 34, Available: 27, Rented: 5
2025-12-15 13:00:38.950 [scheduling-1] INFO  c.example.VRS.service.LoggerService - INFO: System Health - Vehicle Availability Rate: 79.41%
2025-12-15 13:00:38.950 [scheduling-1] INFO  c.example.VRS.service.LoggerService - Operation 'Vehicle Status Monitoring' completed in 11 ms
2025-12-15 13:00:38.950 [scheduling-1] INFO  c.example.VRS.service.LoggerService - System Event - Event: MONITORING_TASK_COMPLETED, Details: Vehicle Status Monitoring
2025-12-15 13:00:41.976 [scheduling-1] INFO  c.e.VRS.service.ScheduledTaskService - Starting vehicle status monitoring task
2025-12-15 13:00:41.977 [scheduling-1] INFO  c.example.VRS.service.LoggerService - System Event - Event: MONITORING_TASK_STARTED, Details: Vehicle Status Monitoring
2025-12-15 13:00:41.977 [scheduling-1] DEBUG org.hibernate.SQL - select count(*) from vehicles v1_0
2025-12-15 13:00:41.981 [scheduling-1] DEBUG org.hibernate.SQL - select v1_0.id,v1_0.color,v1_0.daily_rate,v1_0.make,v1_0.model,v1_0.registration_number,v1_0.seating_capacity,v1_0.status,v1_0.type,v1_0.year from vehicles v1_0 where v1_0.status='AVAILABLE' order by v1_0.daily_rate
2025-12-15 13:00:41.988 [scheduling-1] DEBUG org.hibernate.SQL - select v1_0.id,v1_0.color,v1_0.daily_rate,v1_0.make,v1_0.model,v1_0.registration_number,v1_0.seating_capacity,v1_0.status,v1_0.type,v1_0.year from vehicles v1_0 where v1_0.status=?
2025-12-15 13:00:41.991 [scheduling-1] INFO  c.example.VRS.service.LoggerService - INFO: Vehicle Statistics - Total: 34, Available: 27, Rented: 5
2025-12-15 13:00:41.991 [scheduling-1] INFO  c.example.VRS.service.LoggerService - INFO: System Health - Vehicle Availability Rate: 79.41%
2025-12-15 13:00:41.991 [scheduling-1] INFO  c.example.VRS.service.LoggerService - Operation 'Vehicle Status Monitoring' completed in 15 ms
2025-12-15 13:00:41.991 [scheduling-1] INFO  c.example.VRS.service.LoggerService - System Event - Event: MONITORING_TASK_COMPLETED, Details: Vehicle Status Monitoring
2025-12-15 13:00:44.681 [scheduling-1] INFO  c.e.VRS.service.ScheduledTaskService - Starting scheduled task: Sample Scheduled Task
2025-12-15 13:00:44.681 [scheduling-1] INFO  c.example.VRS.service.LoggerService - System Event - Event: SCHEDULED_TASK_STARTED, Details: Sample Scheduled Task
2025-12-15 13:00:44.682 [scheduling-1] DEBUG c.e.VRS.service.ScheduledTaskService - Performing sample work...
2025-12-15 13:00:46.692 [scheduling-1] DEBUG c.example.VRS.service.LoggerService - DEBUG: Database operations completed
2025-12-15 13:00:47.696 [scheduling-1] DEBUG c.example.VRS.service.LoggerService - DEBUG: External API calls completed
2025-12-15 13:00:47.696 [scheduling-1] INFO  c.example.VRS.service.LoggerService - INFO: Sample work completed at: 2025-12-15 13:00:47
2025-12-15 13:00:47.696 [scheduling-1] INFO  c.example.VRS.service.LoggerService - Operation 'Sample Scheduled Task' completed in 3015 ms
2025-12-15 13:00:47.696 [scheduling-1] INFO  c.example.VRS.service.LoggerService - System Event - Event: SCHEDULED_TASK_COMPLETED, Details: Sample Scheduled Task
2025-12-15 13:00:47.708 [scheduling-1] INFO  c.e.VRS.service.ScheduledTaskService - Starting vehicle status monitoring task
2025-12-15 13:00:47.708 [scheduling-1] INFO  c.example.VRS.service.LoggerService - System Event - Event: MONITORING_TASK_STARTED, Details: Vehicle Status Monitoring
2025-12-15 13:00:47.709 [scheduling-1] DEBUG org.hibernate.SQL - select count(*) from vehicles v1_0
2025-12-15 13:00:47.712 [scheduling-1] DEBUG org.hibernate.SQL - select v1_0.id,v1_0.color,v1_0.daily_rate,v1_0.make,v1_0.model,v1_0.registration_number,v1_0.seating_capacity,v1_0.status,v1_0.type,v1_0.year from vehicles v1_0 where v1_0.status='AVAILABLE' order by v1_0.daily_rate
2025-12-15 13:00:47.717 [scheduling-1] DEBUG org.hibernate.SQL - select v1_0.id,v1_0.color,v1_0.daily_rate,v1_0.make,v1_0.model,v1_0.registration_number,v1_0.seating_capacity,v1_0.status,v1_0.type,v1_0.year from vehicles v1_0 where v1_0.status=?
2025-12-15 13:00:47.719 [scheduling-1] INFO  c.example.VRS.service.LoggerService - INFO: Vehicle Statistics - Total: 34, Available: 27, Rented: 5
2025-12-15 13:00:47.719 [scheduling-1] INFO  c.example.VRS.service.LoggerService - INFO: System Health - Vehicle Availability Rate: 79.41%
2025-12-15 13:00:47.719 [scheduling-1] INFO  c.example.VRS.service.LoggerService - Operation 'Vehicle Status Monitoring' completed in 11 ms
2025-12-15 13:00:47.720 [scheduling-1] INFO  c.example.VRS.service.LoggerService - System Event - Event: MONITORING_TASK_COMPLETED, Details: Vehicle Status Monitoring
2025-12-15 13:00:50.734 [scheduling-1] INFO  c.e.VRS.service.ScheduledTaskService - Starting vehicle status monitoring task
2025-12-15 13:00:50.736 [scheduling-1] INFO  c.example.VRS.service.LoggerService - System Event - Event: MONITORING_TASK_STARTED, Details: Vehicle Status Monitoring
2025-12-15 13:00:50.736 [scheduling-1] DEBUG org.hibernate.SQL - select count(*) from vehicles v1_0
2025-12-15 13:00:50.738 [scheduling-1] DEBUG org.hibernate.SQL - select v1_0.id,v1_0.color,v1_0.daily_rate,v1_0.make,v1_0.model,v1_0.registration_number,v1_0.seating_capacity,v1_0.status,v1_0.type,v1_0.year from vehicles v1_0 where v1_0.status='AVAILABLE' order by v1_0.daily_rate
2025-12-15 13:00:50.744 [scheduling-1] DEBUG org.hibernate.SQL - select v1_0.id,v1_0.color,v1_0.daily_rate,v1_0.make,v1_0.model,v1_0.registration_number,v1_0.seating_capacity,v1_0.status,v1_0.type,v1_0.year from vehicles v1_0 where v1_0.status=?
2025-12-15 13:00:50.748 [scheduling-1] INFO  c.example.VRS.service.LoggerService - INFO: Vehicle Statistics - Total: 34, Available: 27, Rented: 5
2025-12-15 13:00:50.749 [scheduling-1] INFO  c.example.VRS.service.LoggerService - INFO: System Health - Vehicle Availability Rate: 79.41%
2025-12-15 13:00:50.749 [scheduling-1] INFO  c.example.VRS.service.LoggerService - Operation 'Vehicle Status Monitoring' completed in 15 ms
2025-12-15 13:00:50.749 [scheduling-1] INFO  c.example.VRS.service.LoggerService - System Event - Event: MONITORING_TASK_COMPLETED, Details: Vehicle Status Monitoring
2025-12-15 13:00:53.774 [scheduling-1] INFO  c.e.VRS.service.ScheduledTaskService - Starting vehicle status monitoring task
2025-12-15 13:00:53.774 [scheduling-1] INFO  c.example.VRS.service.LoggerService - System Event - Event: MONITORING_TASK_STARTED, Details: Vehicle Status Monitoring
2025-12-15 13:00:53.775 [scheduling-1] DEBUG org.hibernate.SQL - select count(*) from vehicles v1_0
2025-12-15 13:00:53.777 [scheduling-1] DEBUG org.hibernate.SQL - select v1_0.id,v1_0.color,v1_0.daily_rate,v1_0.make,v1_0.model,v1_0.registration_number,v1_0.seating_capacity,v1_0.status,v1_0.type,v1_0.year from vehicles v1_0 where v1_0.status='AVAILABLE' order by v1_0.daily_rate
2025-12-15 13:00:53.781 [scheduling-1] DEBUG org.hibernate.SQL - select v1_0.id,v1_0.color,v1_0.daily_rate,v1_0.make,v1_0.model,v1_0.registration_number,v1_0.seating_capacity,v1_0.status,v1_0.type,v1_0.year from vehicles v1_0 where v1_0.status=?
2025-12-15 13:00:53.784 [scheduling-1] INFO  c.example.VRS.service.LoggerService - INFO: Vehicle Statistics - Total: 34, Available: 27, Rented: 5
2025-12-15 13:00:53.784 [scheduling-1] INFO  c.example.VRS.service.LoggerService - INFO: System Health - Vehicle Availability Rate: 79.41%
2025-12-15 13:00:53.784 [scheduling-1] INFO  c.example.VRS.service.LoggerService - Operation 'Vehicle Status Monitoring' completed in 10 ms
2025-12-15 13:00:53.784 [scheduling-1] INFO  c.example.VRS.service.LoggerService - System Event - Event: MONITORING_TASK_COMPLETED, Details: Vehicle Status Monitoring
2025-12-15 13:00:56.805 [scheduling-1] INFO  c.e.VRS.service.ScheduledTaskService - Starting vehicle status monitoring task
2025-12-15 13:00:56.805 [scheduling-1] INFO  c.example.VRS.service.LoggerService - System Event - Event: MONITORING_TASK_STARTED, Details: Vehicle Status Monitoring
2025-12-15 13:00:56.806 [scheduling-1] DEBUG org.hibernate.SQL - select count(*) from vehicles v1_0
2025-12-15 13:00:56.809 [scheduling-1] DEBUG org.hibernate.SQL - select v1_0.id,v1_0.color,v1_0.daily_rate,v1_0.make,v1_0.model,v1_0.registration_number,v1_0.seating_capacity,v1_0.status,v1_0.type,v1_0.year from vehicles v1_0 where v1_0.status='AVAILABLE' order by v1_0.daily_rate
2025-12-15 13:00:56.814 [scheduling-1] DEBUG org.hibernate.SQL - select v1_0.id,v1_0.color,v1_0.daily_rate,v1_0.make,v1_0.model,v1_0.registration_number,v1_0.seating_capacity,v1_0.status,v1_0.type,v1_0.year from vehicles v1_0 where v1_0.status=?
2025-12-15 13:00:56.818 [scheduling-1] INFO  c.example.VRS.service.LoggerService - INFO: Vehicle Statistics - Total: 34, Available: 27, Rented: 5
2025-12-15 13:00:56.818 [scheduling-1] INFO  c.example.VRS.service.LoggerService - INFO: System Health - Vehicle Availability Rate: 79.41%
2025-12-15 13:00:56.819 [scheduling-1] INFO  c.example.VRS.service.LoggerService - Operation 'Vehicle Status Monitoring' completed in 14 ms
2025-12-15 13:00:56.819 [scheduling-1] INFO  c.example.VRS.service.LoggerService - System Event - Event: MONITORING_TASK_COMPLETED, Details: Vehicle Status Monitoring
2025-12-15 13:00:59.842 [scheduling-1] INFO  c.e.VRS.service.ScheduledTaskService - Starting vehicle status monitoring task
2025-12-15 13:00:59.842 [scheduling-1] INFO  c.example.VRS.service.LoggerService - System Event - Event: MONITORING_TASK_STARTED, Details: Vehicle Status Monitoring
2025-12-15 13:00:59.842 [scheduling-1] DEBUG org.hibernate.SQL - select count(*) from vehicles v1_0
2025-12-15 13:00:59.842 [scheduling-1] DEBUG org.hibernate.SQL - select v1_0.id,v1_0.color,v1_0.daily_rate,v1_0.make,v1_0.model,v1_0.registration_number,v1_0.seating_capacity,v1_0.status,v1_0.type,v1_0.year from vehicles v1_0 where v1_0.status='AVAILABLE' order by v1_0.daily_rate
2025-12-15 13:00:59.852 [scheduling-1] DEBUG org.hibernate.SQL - select v1_0.id,v1_0.color,v1_0.daily_rate,v1_0.make,v1_0.model,v1_0.registration_number,v1_0.seating_capacity,v1_0.status,v1_0.type,v1_0.year from vehicles v1_0 where v1_0.status=?
2025-12-15 13:00:59.856 [scheduling-1] INFO  c.example.VRS.service.LoggerService - INFO: Vehicle Statistics - Total: 34, Available: 27, Rented: 5
2025-12-15 13:00:59.856 [scheduling-1] INFO  c.example.VRS.service.LoggerService - INFO: System Health - Vehicle Availability Rate: 79.41%
2025-12-15 13:00:59.856 [scheduling-1] INFO  c.example.VRS.service.LoggerService - Operation 'Vehicle Status Monitoring' completed in 14 ms
2025-12-15 13:00:59.856 [scheduling-1] INFO  c.example.VRS.service.LoggerService - System Event - Event: MONITORING_TASK_COMPLETED, Details: Vehicle Status Monitoring
2025-12-15 13:01:02.872 [scheduling-1] INFO  c.e.VRS.service.ScheduledTaskService - Starting vehicle status monitoring task
2025-12-15 13:01:02.872 [scheduling-1] INFO  c.example.VRS.service.LoggerService - System Event - Event: MONITORING_TASK_STARTED, Details: Vehicle Status Monitoring
2025-12-15 13:01:02.874 [scheduling-1] DEBUG org.hibernate.SQL - select count(*) from vehicles v1_0
2025-12-15 13:01:02.877 [scheduling-1] DEBUG org.hibernate.SQL - select v1_0.id,v1_0.color,v1_0.daily_rate,v1_0.make,v1_0.model,v1_0.registration_number,v1_0.seating_capacity,v1_0.status,v1_0.type,v1_0.year from vehicles v1_0 where v1_0.status='AVAILABLE' order by v1_0.daily_rate
2025-12-15 13:01:02.884 [scheduling-1] DEBUG org.hibernate.SQL - select v1_0.id,v1_0.color,v1_0.daily_rate,v1_0.make,v1_0.model,v1_0.registration_number,v1_0.seating_capacity,v1_0.status,v1_0.type,v1_0.year from vehicles v1_0 where v1_0.status=?
2025-12-15 13:01:02.886 [scheduling-1] INFO  c.example.VRS.service.LoggerService - INFO: Vehicle Statistics - Total: 34, Available: 27, Rented: 5
2025-12-15 13:01:02.886 [scheduling-1] INFO  c.example.VRS.service.LoggerService - INFO: System Health - Vehicle Availability Rate: 79.41%
2025-12-15 13:01:02.887 [scheduling-1] INFO  c.example.VRS.service.LoggerService - Operation 'Vehicle Status Monitoring' completed in 15 ms
2025-12-15 13:01:02.887 [scheduling-1] INFO  c.example.VRS.service.LoggerService - System Event - Event: MONITORING_TASK_COMPLETED, Details: Vehicle Status Monitoring
2025-12-15 13:01:05.894 [scheduling-1] INFO  c.e.VRS.service.ScheduledTaskService - Starting vehicle status monitoring task
2025-12-15 13:01:05.902 [scheduling-1] INFO  c.example.VRS.service.LoggerService - System Event - Event: MONITORING_TASK_STARTED, Details: Vehicle Status Monitoring
2025-12-15 13:01:05.902 [scheduling-1] DEBUG org.hibernate.SQL - select count(*) from vehicles v1_0
2025-12-15 13:01:05.906 [scheduling-1] DEBUG org.hibernate.SQL - select v1_0.id,v1_0.color,v1_0.daily_rate,v1_0.make,v1_0.model,v1_0.registration_number,v1_0.seating_capacity,v1_0.status,v1_0.type,v1_0.year from vehicles v1_0 where v1_0.status='AVAILABLE' order by v1_0.daily_rate
2025-12-15 13:01:05.912 [scheduling-1] DEBUG org.hibernate.SQL - select v1_0.id,v1_0.color,v1_0.daily_rate,v1_0.make,v1_0.model,v1_0.registration_number,v1_0.seating_capacity,v1_0.status,v1_0.type,v1_0.year from vehicles v1_0 where v1_0.status=?
2025-12-15 13:01:05.914 [scheduling-1] INFO  c.example.VRS.service.LoggerService - INFO: Vehicle Statistics - Total: 34, Available: 27, Rented: 5
2025-12-15 13:01:05.914 [scheduling-1] INFO  c.example.VRS.service.LoggerService - INFO: System Health - Vehicle Availability Rate: 79.41%
2025-12-15 13:01:05.914 [scheduling-1] INFO  c.example.VRS.service.LoggerService - Operation 'Vehicle Status Monitoring' completed in 20 ms
2025-12-15 13:01:05.915 [scheduling-1] INFO  c.example.VRS.service.LoggerService - System Event - Event: MONITORING_TASK_COMPLETED, Details: Vehicle Status Monitoring
2025-12-15 13:01:08.928 [scheduling-1] INFO  c.e.VRS.service.ScheduledTaskService - Starting vehicle status monitoring task
2025-12-15 13:01:08.930 [scheduling-1] INFO  c.example.VRS.service.LoggerService - System Event - Event: MONITORING_TASK_STARTED, Details: Vehicle Status Monitoring
2025-12-15 13:01:08.931 [scheduling-1] DEBUG org.hibernate.SQL - select count(*) from vehicles v1_0
2025-12-15 13:01:08.934 [scheduling-1] DEBUG org.hibernate.SQL - select v1_0.id,v1_0.color,v1_0.daily_rate,v1_0.make,v1_0.model,v1_0.registration_number,v1_0.seating_capacity,v1_0.status,v1_0.type,v1_0.year from vehicles v1_0 where v1_0.status='AVAILABLE' order by v1_0.daily_rate
2025-12-15 13:01:08.942 [scheduling-1] DEBUG org.hibernate.SQL - select v1_0.id,v1_0.color,v1_0.daily_rate,v1_0.make,v1_0.model,v1_0.registration_number,v1_0.seating_capacity,v1_0.status,v1_0.type,v1_0.year from vehicles v1_0 where v1_0.status=?
2025-12-15 13:01:08.945 [scheduling-1] INFO  c.example.VRS.service.LoggerService - INFO: Vehicle Statistics - Total: 34, Available: 27, Rented: 5
2025-12-15 13:01:08.945 [scheduling-1] INFO  c.example.VRS.service.LoggerService - INFO: System Health - Vehicle Availability Rate: 79.41%
2025-12-15 13:01:08.945 [scheduling-1] INFO  c.example.VRS.service.LoggerService - Operation 'Vehicle Status Monitoring' completed in 17 ms
2025-12-15 13:01:08.945 [scheduling-1] INFO  c.example.VRS.service.LoggerService - System Event - Event: MONITORING_TASK_COMPLETED, Details: Vehicle Status Monitoring
2025-12-15 13:01:11.963 [scheduling-1] INFO  c.e.VRS.service.ScheduledTaskService - Starting vehicle status monitoring task
2025-12-15 13:01:11.963 [scheduling-1] INFO  c.example.VRS.service.LoggerService - System Event - Event: MONITORING_TASK_STARTED, Details: Vehicle Status Monitoring
2025-12-15 13:01:11.965 [scheduling-1] DEBUG org.hibernate.SQL - select count(*) from vehicles v1_0
2025-12-15 13:01:11.968 [scheduling-1] DEBUG org.hibernate.SQL - select v1_0.id,v1_0.color,v1_0.daily_rate,v1_0.make,v1_0.model,v1_0.registration_number,v1_0.seating_capacity,v1_0.status,v1_0.type,v1_0.year from vehicles v1_0 where v1_0.status='AVAILABLE' order by v1_0.daily_rate
2025-12-15 13:01:11.973 [scheduling-1] DEBUG org.hibernate.SQL - select v1_0.id,v1_0.color,v1_0.daily_rate,v1_0.make,v1_0.model,v1_0.registration_number,v1_0.seating_capacity,v1_0.status,v1_0.type,v1_0.year from vehicles v1_0 where v1_0.status=?
2025-12-15 13:01:11.979 [scheduling-1] INFO  c.example.VRS.service.LoggerService - INFO: Vehicle Statistics - Total: 34, Available: 27, Rented: 5
2025-12-15 13:01:11.979 [scheduling-1] INFO  c.example.VRS.service.LoggerService - INFO: System Health - Vehicle Availability Rate: 79.41%
2025-12-15 13:01:11.979 [scheduling-1] INFO  c.example.VRS.service.LoggerService - Operation 'Vehicle Status Monitoring' completed in 16 ms
2025-12-15 13:01:11.979 [scheduling-1] INFO  c.example.VRS.service.LoggerService - System Event - Event: MONITORING_TASK_COMPLETED, Details: Vehicle Status Monitoring
2025-12-15 13:01:14.996 [scheduling-1] INFO  c.e.VRS.service.ScheduledTaskService - Starting vehicle status monitoring task
2025-12-15 13:01:14.997 [scheduling-1] INFO  c.example.VRS.service.LoggerService - System Event - Event: MONITORING_TASK_STARTED, Details: Vehicle Status Monitoring
2025-12-15 13:01:14.997 [scheduling-1] DEBUG org.hibernate.SQL - select count(*) from vehicles v1_0
2025-12-15 13:01:15.000 [scheduling-1] DEBUG org.hibernate.SQL - select v1_0.id,v1_0.color,v1_0.daily_rate,v1_0.make,v1_0.model,v1_0.registration_number,v1_0.seating_capacity,v1_0.status,v1_0.type,v1_0.year from vehicles v1_0 where v1_0.status='AVAILABLE' order by v1_0.daily_rate
2025-12-15 13:01:15.005 [scheduling-1] DEBUG org.hibernate.SQL - select v1_0.id,v1_0.color,v1_0.daily_rate,v1_0.make,v1_0.model,v1_0.registration_number,v1_0.seating_capacity,v1_0.status,v1_0.type,v1_0.year from vehicles v1_0 where v1_0.status=?
2025-12-15 13:01:15.008 [scheduling-1] INFO  c.example.VRS.service.LoggerService - INFO: Vehicle Statistics - Total: 34, Available: 27, Rented: 5
2025-12-15 13:01:15.008 [scheduling-1] INFO  c.example.VRS.service.LoggerService - INFO: System Health - Vehicle Availability Rate: 79.41%
2025-12-15 13:01:15.008 [scheduling-1] INFO  c.example.VRS.service.LoggerService - Operation 'Vehicle Status Monitoring' completed in 12 ms
2025-12-15 13:01:15.008 [scheduling-1] INFO  c.example.VRS.service.LoggerService - System Event - Event: MONITORING_TASK_COMPLETED, Details: Vehicle Status Monitoring
2025-12-15 13:01:18.031 [scheduling-1] INFO  c.e.VRS.service.ScheduledTaskService - Starting vehicle status monitoring task
2025-12-15 13:01:18.031 [scheduling-1] INFO  c.example.VRS.service.LoggerService - System Event - Event: MONITORING_TASK_STARTED, Details: Vehicle Status Monitoring
2025-12-15 13:01:18.032 [scheduling-1] DEBUG org.hibernate.SQL - select count(*) from vehicles v1_0
2025-12-15 13:01:18.035 [scheduling-1] DEBUG org.hibernate.SQL - select v1_0.id,v1_0.color,v1_0.daily_rate,v1_0.make,v1_0.model,v1_0.registration_number,v1_0.seating_capacity,v1_0.status,v1_0.type,v1_0.year from vehicles v1_0 where v1_0.status='AVAILABLE' order by v1_0.daily_rate
2025-12-15 13:01:18.039 [scheduling-1] DEBUG org.hibernate.SQL - select v1_0.id,v1_0.color,v1_0.daily_rate,v1_0.make,v1_0.model,v1_0.registration_number,v1_0.seating_capacity,v1_0.status,v1_0.type,v1_0.year from vehicles v1_0 where v1_0.status=?
2025-12-15 13:01:18.041 [scheduling-1] INFO  c.example.VRS.service.LoggerService - INFO: Vehicle Statistics - Total: 34, Available: 27, Rented: 5
2025-12-15 13:01:18.041 [scheduling-1] INFO  c.example.VRS.service.LoggerService - INFO: System Health - Vehicle Availability Rate: 79.41%
2025-12-15 13:01:18.041 [scheduling-1] INFO  c.example.VRS.service.LoggerService - Operation 'Vehicle Status Monitoring' completed in 10 ms
2025-12-15 13:01:18.041 [scheduling-1] INFO  c.example.VRS.service.LoggerService - System Event - Event: MONITORING_TASK_COMPLETED, Details: Vehicle Status Monitoring
2025-12-15 13:01:21.050 [scheduling-1] INFO  c.e.VRS.service.ScheduledTaskService - Starting vehicle status monitoring task
2025-12-15 13:01:21.050 [scheduling-1] INFO  c.example.VRS.service.LoggerService - System Event - Event: MONITORING_TASK_STARTED, Details: Vehicle Status Monitoring
2025-12-15 13:01:21.050 [scheduling-1] DEBUG org.hibernate.SQL - select count(*) from vehicles v1_0
2025-12-15 13:01:21.050 [scheduling-1] DEBUG org.hibernate.SQL - select v1_0.id,v1_0.color,v1_0.daily_rate,v1_0.make,v1_0.model,v1_0.registration_number,v1_0.seating_capacity,v1_0.status,v1_0.type,v1_0.year from vehicles v1_0 where v1_0.status='AVAILABLE' order by v1_0.daily_rate
2025-12-15 13:01:21.060 [scheduling-1] DEBUG org.hibernate.SQL - select v1_0.id,v1_0.color,v1_0.daily_rate,v1_0.make,v1_0.model,v1_0.registration_number,v1_0.seating_capacity,v1_0.status,v1_0.type,v1_0.year from vehicles v1_0 where v1_0.status=?
2025-12-15 13:01:21.062 [scheduling-1] INFO  c.example.VRS.service.LoggerService - INFO: Vehicle Statistics - Total: 34, Available: 27, Rented: 5
2025-12-15 13:01:21.062 [scheduling-1] INFO  c.example.VRS.service.LoggerService - INFO: System Health - Vehicle Availability Rate: 79.41%
2025-12-15 13:01:21.063 [scheduling-1] INFO  c.example.VRS.service.LoggerService - Operation 'Vehicle Status Monitoring' completed in 13 ms
2025-12-15 13:01:21.063 [scheduling-1] INFO  c.example.VRS.service.LoggerService - System Event - Event: MONITORING_TASK_COMPLETED, Details: Vehicle Status Monitoring
2025-12-15 13:01:24.078 [scheduling-1] INFO  c.e.VRS.service.ScheduledTaskService - Starting vehicle status monitoring task
2025-12-15 13:01:24.078 [scheduling-1] INFO  c.example.VRS.service.LoggerService - System Event - Event: MONITORING_TASK_STARTED, Details: Vehicle Status Monitoring
2025-12-15 13:01:24.082 [scheduling-1] DEBUG org.hibernate.SQL - select count(*) from vehicles v1_0
2025-12-15 13:01:24.085 [scheduling-1] DEBUG org.hibernate.SQL - select v1_0.id,v1_0.color,v1_0.daily_rate,v1_0.make,v1_0.model,v1_0.registration_number,v1_0.seating_capacity,v1_0.status,v1_0.type,v1_0.year from vehicles v1_0 where v1_0.status='AVAILABLE' order by v1_0.daily_rate
2025-12-15 13:01:24.089 [scheduling-1] DEBUG org.hibernate.SQL - select v1_0.id,v1_0.color,v1_0.daily_rate,v1_0.make,v1_0.model,v1_0.registration_number,v1_0.seating_capacity,v1_0.status,v1_0.type,v1_0.year from vehicles v1_0 where v1_0.status=?
2025-12-15 13:01:24.091 [scheduling-1] INFO  c.example.VRS.service.LoggerService - INFO: Vehicle Statistics - Total: 34, Available: 27, Rented: 5
2025-12-15 13:01:24.092 [scheduling-1] INFO  c.example.VRS.service.LoggerService - INFO: System Health - Vehicle Availability Rate: 79.41%
2025-12-15 13:01:24.092 [scheduling-1] INFO  c.example.VRS.service.LoggerService - Operation 'Vehicle Status Monitoring' completed in 14 ms
2025-12-15 13:01:24.092 [scheduling-1] INFO  c.example.VRS.service.LoggerService - System Event - Event: MONITORING_TASK_COMPLETED, Details: Vehicle Status Monitoring
2025-12-15 13:01:27.108 [scheduling-1] INFO  c.e.VRS.service.ScheduledTaskService - Starting vehicle status monitoring task
2025-12-15 13:01:27.108 [scheduling-1] INFO  c.example.VRS.service.LoggerService - System Event - Event: MONITORING_TASK_STARTED, Details: Vehicle Status Monitoring
2025-12-15 13:01:27.109 [scheduling-1] DEBUG org.hibernate.SQL - select count(*) from vehicles v1_0
2025-12-15 13:01:27.112 [scheduling-1] DEBUG org.hibernate.SQL - select v1_0.id,v1_0.color,v1_0.daily_rate,v1_0.make,v1_0.model,v1_0.registration_number,v1_0.seating_capacity,v1_0.status,v1_0.type,v1_0.year from vehicles v1_0 where v1_0.status='AVAILABLE' order by v1_0.daily_rate
2025-12-15 13:01:27.120 [scheduling-1] DEBUG org.hibernate.SQL - select v1_0.id,v1_0.color,v1_0.daily_rate,v1_0.make,v1_0.model,v1_0.registration_number,v1_0.seating_capacity,v1_0.status,v1_0.type,v1_0.year from vehicles v1_0 where v1_0.status=?
2025-12-15 13:01:27.122 [scheduling-1] INFO  c.example.VRS.service.LoggerService - INFO: Vehicle Statistics - Total: 34, Available: 27, Rented: 5
2025-12-15 13:01:27.123 [scheduling-1] INFO  c.example.VRS.service.LoggerService - INFO: System Health - Vehicle Availability Rate: 79.41%
2025-12-15 13:01:27.123 [scheduling-1] INFO  c.example.VRS.service.LoggerService - Operation 'Vehicle Status Monitoring' completed in 15 ms
2025-12-15 13:01:27.123 [scheduling-1] INFO  c.example.VRS.service.LoggerService - System Event - Event: MONITORING_TASK_COMPLETED, Details: Vehicle Status Monitoring
2025-12-15 13:01:30.142 [scheduling-1] INFO  c.e.VRS.service.ScheduledTaskService - Starting vehicle status monitoring task
2025-12-15 13:01:30.142 [scheduling-1] INFO  c.example.VRS.service.LoggerService - System Event - Event: MONITORING_TASK_STARTED, Details: Vehicle Status Monitoring
2025-12-15 13:01:30.144 [scheduling-1] DEBUG org.hibernate.SQL - select count(*) from vehicles v1_0
2025-12-15 13:01:30.144 [scheduling-1] DEBUG org.hibernate.SQL - select v1_0.id,v1_0.color,v1_0.daily_rate,v1_0.make,v1_0.model,v1_0.registration_number,v1_0.seating_capacity,v1_0.status,v1_0.type,v1_0.year from vehicles v1_0 where v1_0.status='AVAILABLE' order by v1_0.daily_rate
2025-12-15 13:01:30.154 [scheduling-1] DEBUG org.hibernate.SQL - select v1_0.id,v1_0.color,v1_0.daily_rate,v1_0.make,v1_0.model,v1_0.registration_number,v1_0.seating_capacity,v1_0.status,v1_0.type,v1_0.year from vehicles v1_0 where v1_0.status=?
2025-12-15 13:01:30.156 [scheduling-1] INFO  c.example.VRS.service.LoggerService - INFO: Vehicle Statistics - Total: 34, Available: 27, Rented: 5
2025-12-15 13:01:30.156 [scheduling-1] INFO  c.example.VRS.service.LoggerService - INFO: System Health - Vehicle Availability Rate: 79.41%
2025-12-15 13:01:30.156 [scheduling-1] INFO  c.example.VRS.service.LoggerService - Operation 'Vehicle Status Monitoring' completed in 14 ms
2025-12-15 13:01:30.156 [scheduling-1] INFO  c.example.VRS.service.LoggerService - System Event - Event: MONITORING_TASK_COMPLETED, Details: Vehicle Status Monitoring
2025-12-15 13:01:33.169 [scheduling-1] INFO  c.e.VRS.service.ScheduledTaskService - Starting vehicle status monitoring task
2025-12-15 13:01:33.169 [scheduling-1] INFO  c.example.VRS.service.LoggerService - System Event - Event: MONITORING_TASK_STARTED, Details: Vehicle Status Monitoring
2025-12-15 13:01:33.170 [scheduling-1] DEBUG org.hibernate.SQL - select count(*) from vehicles v1_0
2025-12-15 13:01:33.172 [scheduling-1] DEBUG org.hibernate.SQL - select v1_0.id,v1_0.color,v1_0.daily_rate,v1_0.make,v1_0.model,v1_0.registration_number,v1_0.seating_capacity,v1_0.status,v1_0.type,v1_0.year from vehicles v1_0 where v1_0.status='AVAILABLE' order by v1_0.daily_rate
2025-12-15 13:01:33.176 [scheduling-1] DEBUG org.hibernate.SQL - select v1_0.id,v1_0.color,v1_0.daily_rate,v1_0.make,v1_0.model,v1_0.registration_number,v1_0.seating_capacity,v1_0.status,v1_0.type,v1_0.year from vehicles v1_0 where v1_0.status=?
2025-12-15 13:01:33.178 [scheduling-1] INFO  c.example.VRS.service.LoggerService - INFO: Vehicle Statistics - Total: 34, Available: 27, Rented: 5
2025-12-15 13:01:33.179 [scheduling-1] INFO  c.example.VRS.service.LoggerService - INFO: System Health - Vehicle Availability Rate: 79.41%
2025-12-15 13:01:33.179 [scheduling-1] INFO  c.example.VRS.service.LoggerService - Operation 'Vehicle Status Monitoring' completed in 10 ms
2025-12-15 13:01:33.179 [scheduling-1] INFO  c.example.VRS.service.LoggerService - System Event - Event: MONITORING_TASK_COMPLETED, Details: Vehicle Status Monitoring
2025-12-15 13:01:36.200 [scheduling-1] INFO  c.e.VRS.service.ScheduledTaskService - Starting vehicle status monitoring task
2025-12-15 13:01:36.200 [scheduling-1] INFO  c.example.VRS.service.LoggerService - System Event - Event: MONITORING_TASK_STARTED, Details: Vehicle Status Monitoring
2025-12-15 13:01:36.200 [scheduling-1] DEBUG org.hibernate.SQL - select count(*) from vehicles v1_0
2025-12-15 13:01:36.204 [scheduling-1] DEBUG org.hibernate.SQL - select v1_0.id,v1_0.color,v1_0.daily_rate,v1_0.make,v1_0.model,v1_0.registration_number,v1_0.seating_capacity,v1_0.status,v1_0.type,v1_0.year from vehicles v1_0 where v1_0.status='AVAILABLE' order by v1_0.daily_rate
2025-12-15 13:01:36.206 [scheduling-1] DEBUG org.hibernate.SQL - select v1_0.id,v1_0.color,v1_0.daily_rate,v1_0.make,v1_0.model,v1_0.registration_number,v1_0.seating_capacity,v1_0.status,v1_0.type,v1_0.year from vehicles v1_0 where v1_0.status=?
2025-12-15 13:01:36.212 [scheduling-1] INFO  c.example.VRS.service.LoggerService - INFO: Vehicle Statistics - Total: 34, Available: 27, Rented: 5
2025-12-15 13:01:36.212 [scheduling-1] INFO  c.example.VRS.service.LoggerService - INFO: System Health - Vehicle Availability Rate: 79.41%
2025-12-15 13:01:36.212 [scheduling-1] INFO  c.example.VRS.service.LoggerService - Operation 'Vehicle Status Monitoring' completed in 12 ms
2025-12-15 13:01:36.212 [scheduling-1] INFO  c.example.VRS.service.LoggerService - System Event - Event: MONITORING_TASK_COMPLETED, Details: Vehicle Status Monitoring
2025-12-15 13:01:39.239 [scheduling-1] INFO  c.e.VRS.service.ScheduledTaskService - Starting vehicle status monitoring task
2025-12-15 13:01:39.239 [scheduling-1] INFO  c.example.VRS.service.LoggerService - System Event - Event: MONITORING_TASK_STARTED, Details: Vehicle Status Monitoring
2025-12-15 13:01:39.240 [scheduling-1] DEBUG org.hibernate.SQL - select count(*) from vehicles v1_0
2025-12-15 13:01:39.243 [scheduling-1] DEBUG org.hibernate.SQL - select v1_0.id,v1_0.color,v1_0.daily_rate,v1_0.make,v1_0.model,v1_0.registration_number,v1_0.seating_capacity,v1_0.status,v1_0.type,v1_0.year from vehicles v1_0 where v1_0.status='AVAILABLE' order by v1_0.daily_rate
2025-12-15 13:01:39.249 [scheduling-1] DEBUG org.hibernate.SQL - select v1_0.id,v1_0.color,v1_0.daily_rate,v1_0.make,v1_0.model,v1_0.registration_number,v1_0.seating_capacity,v1_0.status,v1_0.type,v1_0.year from vehicles v1_0 where v1_0.status=?
2025-12-15 13:01:39.252 [scheduling-1] INFO  c.example.VRS.service.LoggerService - INFO: Vehicle Statistics - Total: 34, Available: 27, Rented: 5
2025-12-15 13:01:39.252 [scheduling-1] INFO  c.example.VRS.service.LoggerService - INFO: System Health - Vehicle Availability Rate: 79.41%
2025-12-15 13:01:39.252 [scheduling-1] INFO  c.example.VRS.service.LoggerService - Operation 'Vehicle Status Monitoring' completed in 13 ms
2025-12-15 13:01:39.252 [scheduling-1] INFO  c.example.VRS.service.LoggerService - System Event - Event: MONITORING_TASK_COMPLETED, Details: Vehicle Status Monitoring
2025-12-15 13:01:42.265 [scheduling-1] INFO  c.e.VRS.service.ScheduledTaskService - Starting vehicle status monitoring task
2025-12-15 13:01:42.266 [scheduling-1] INFO  c.example.VRS.service.LoggerService - System Event - Event: MONITORING_TASK_STARTED, Details: Vehicle Status Monitoring
2025-12-15 13:01:42.267 [scheduling-1] DEBUG org.hibernate.SQL - select count(*) from vehicles v1_0
2025-12-15 13:01:42.271 [scheduling-1] DEBUG org.hibernate.SQL - select v1_0.id,v1_0.color,v1_0.daily_rate,v1_0.make,v1_0.model,v1_0.registration_number,v1_0.seating_capacity,v1_0.status,v1_0.type,v1_0.year from vehicles v1_0 where v1_0.status='AVAILABLE' order by v1_0.daily_rate
2025-12-15 13:01:42.287 [scheduling-1] DEBUG org.hibernate.SQL - select v1_0.id,v1_0.color,v1_0.daily_rate,v1_0.make,v1_0.model,v1_0.registration_number,v1_0.seating_capacity,v1_0.status,v1_0.type,v1_0.year from vehicles v1_0 where v1_0.status=?
2025-12-15 13:01:42.292 [scheduling-1] INFO  c.example.VRS.service.LoggerService - INFO: Vehicle Statistics - Total: 34, Available: 27, Rented: 5
2025-12-15 13:01:42.293 [scheduling-1] INFO  c.example.VRS.service.LoggerService - INFO: System Health - Vehicle Availability Rate: 79.41%
2025-12-15 13:01:42.293 [scheduling-1] INFO  c.example.VRS.service.LoggerService - Operation 'Vehicle Status Monitoring' completed in 28 ms
2025-12-15 13:01:42.294 [scheduling-1] INFO  c.example.VRS.service.LoggerService - System Event - Event: MONITORING_TASK_COMPLETED, Details: Vehicle Status Monitoring
2025-12-15 13:01:45.115 [SpringApplicationShutdownHook] INFO  o.s.o.j.LocalContainerEntityManagerFactoryBean - Closing JPA EntityManagerFactory for persistence unit 'default'
2025-12-15 13:01:45.117 [SpringApplicationShutdownHook] INFO  com.zaxxer.hikari.HikariDataSource - HikariPool-1 - Shutdown initiated...
2025-12-15 13:01:45.150 [SpringApplicationShutdownHook] INFO  com.zaxxer.hikari.HikariDataSource - HikariPool-1 - Shutdown completed.
